,Awards,Awards_won,Awards_nominated,Oscar_Awards_won,Golden_Globe_Awards_won,Prime_Emmys_Awards_won,BAFTA_Awards_won,Oscar_Awards_nominated,Golden_Globe_Awards_nominated,Prime_Emmys_Awards_nominated,BAFTA_Awards_nominated
3,1 win & 2 nominations.,1,2,0,0,0,0,0,0,0,0
4,1 win.,1,0,0,0,0,0,0,0,0,0
5,1 nomination.,0,1,0,0,0,0,0,0,0,0
6,3 wins & 2 nominations.,3,2,0,0,0,0,0,0,0,0
7,1 win & 1 nomination.,1,1,0,0,0,0,0,0,0,0
11,5 nominations.,0,5,0,0,0,0,0,0,0,0
13,2 wins & 5 nominations.,2,5,0,0,0,0,0,0,0,0
15,Nominated for 1 Oscar. Another 13 wins & 13 nominations.,13,14,0,0,0,0,1,0,0,0
18,5 wins & 4 nominations.,5,4,0,0,0,0,0,0,0,0
24,Nominated for 1 Golden Globe. Another 14 wins & 34 nominations.,14,35,0,0,0,0,0,1,0,0
25,3 wins & 2 nominations.,3,2,0,0,0,0,0,0,0,0
28,1 nomination.,0,1,0,0,0,0,0,0,0,0
31,5 nominations.,0,5,0,0,0,0,0,0,0,0
34,1 win & 2 nominations.,1,2,0,0,0,0,0,0,0,0
37,22 wins & 44 nominations.,22,44,0,0,0,0,0,0,0,0
38,1 win & 3 nominations.,1,3,0,0,0,0,0,0,0,0
39,1 win & 8 nominations.,1,8,0,0,0,0,0,0,0,0
43,2 nominations.,0,2,0,0,0,0,0,0,0,0
47,6 wins & 1 nomination.,6,1,0,0,0,0,0,0,0,0
50,Won 2 Golden Globes. Another 68 wins & 201 nominations.,70,201,0,2,0,0,0,0,0,0
51,Won 1 Golden Globe. Another 31 wins & 143 nominations.,32,143,0,1,0,0,0,0,0,0
53,Nominated for 4 Primetime Emmys. Another 16 nominations.,0,20,0,0,0,0,0,0,4,0
54,3 wins & 2 nominations.,3,2,0,0,0,0,0,0,0,0
56,3 wins & 6 nominations.,3,6,0,0,0,0,0,0,0,0
62,2 wins.,2,0,0,0,0,0,0,0,0,0
69,6 wins & 4 nominations.,6,4,0,0,0,0,0,0,0,0
72,7 wins & 6 nominations.,7,6,0,0,0,0,0,0,0,0
76,9 wins & 30 nominations.,9,30,0,0,0,0,0,0,0,0
79,Won 1 Primetime Emmy. Another 1 win & 6 nominations.,2,6,0,0,1,0,0,0,0,0
84,1 nomination.,0,1,0,0,0,0,0,0,0,0
87,Nominated for 3 BAFTA Film Awards. Another 11 wins & 39 nominations.,11,42,0,0,0,0,0,0,0,3
88,6 nominations.,0,6,0,0,0,0,0,0,0,0
90,1 win & 4 nominations.,1,4,0,0,0,0,0,0,0,0
91,2 wins & 5 nominations.,2,5,0,0,0,0,0,0,0,0
94,14 wins & 11 nominations.,14,11,0,0,0,0,0,0,0,0
97,1 win & 1 nomination.,1,1,0,0,0,0,0,0,0,0
102,1 win & 2 nominations.,1,2,0,0,0,0,0,0,0,0
116,2 nominations.,0,2,0,0,0,0,0,0,0,0
117,3 wins & 3 nominations.,3,3,0,0,0,0,0,0,0,0
118,Nominated for 1 Golden Globe. Another 2 wins & 14 nominations.,2,15,0,0,0,0,0,1,0,0
121,2 wins.,2,0,0,0,0,0,0,0,0,0
134,Nominated for 1 Primetime Emmy. Another 1 nomination.,0,2,0,0,0,0,0,0,1,0
135,3 wins & 1 nomination.,3,1,0,0,0,0,0,0,0,0
138,1 win & 1 nomination.,1,1,0,0,0,0,0,0,0,0
139,1 nomination.,0,1,0,0,0,0,0,0,0,0
146,2 wins.,2,0,0,0,0,0,0,0,0,0
150,1 nomination.,0,1,0,0,0,0,0,0,0,0
152,9 wins & 8 nominations.,9,8,0,0,0,0,0,0,0,0
162,1 win.,1,0,0,0,0,0,0,0,0,0
164,1 win.,1,0,0,0,0,0,0,0,0,0
166,15 wins & 4 nominations.,15,4,0,0,0,0,0,0,0,0
167,1 win.,1,0,0,0,0,0,0,0,0,0
180,1 win & 1 nomination.,1,1,0,0,0,0,0,0,0,0
181,3 wins & 6 nominations.,3,6,0,0,0,0,0,0,0,0
184,8 wins & 8 nominations.,8,8,0,0,0,0,0,0,0,0
185,2 nominations.,0,2,0,0,0,0,0,0,0,0
190,1 nomination.,0,1,0,0,0,0,0,0,0,0
191,1 win.,1,0,0,0,0,0,0,0,0,0
211,1 nomination.,0,1,0,0,0,0,0,0,0,0
212,2 wins.,2,0,0,0,0,0,0,0,0,0
213,1 win & 3 nominations.,1,3,0,0,0,0,0,0,0,0
215,1 win.,1,0,0,0,0,0,0,0,0,0
217,4 nominations.,0,4,0,0,0,0,0,0,0,0
221,4 wins.,4,0,0,0,0,0,0,0,0,0
222,1 win.,1,0,0,0,0,0,0,0,0,0
226,15 nominations.,0,15,0,0,0,0,0,0,0,0
230,2 wins.,2,0,0,0,0,0,0,0,0,0
240,2 wins.,2,0,0,0,0,0,0,0,0,0
244,1 nomination.,0,1,0,0,0,0,0,0,0,0
256,1 nomination.,0,1,0,0,0,0,0,0,0,0
288,7 wins & 7 nominations.,7,7,0,0,0,0,0,0,0,0
291,1 nomination.,0,1,0,0,0,0,0,0,0,0
326,1 win.,1,0,0,0,0,0,0,0,0,0
345,1 nomination.,0,1,0,0,0,0,0,0,0,0
356,1 win & 1 nomination.,1,1,0,0,0,0,0,0,0,0
365,1 nomination.,0,1,0,0,0,0,0,0,0,0
374,1 win.,1,0,0,0,0,0,0,0,0,0
402,2 wins.,2,0,0,0,0,0,0,0,0,0
410,4 wins & 9 nominations.,4,9,0,0,0,0,0,0,0,0
449,1 win & 1 nomination.,1,1,0,0,0,0,0,0,0,0
515,1 win.,1,0,0,0,0,0,0,0,0,0
545,Won 11 Oscars. Another 174 wins & 113 nominations.,185,113,11,0,0,0,0,0,0,0
547,4 wins & 11 nominations.,4,11,0,0,0,0,0,0,0,0
552,3 wins & 4 nominations.,3,4,0,0,0,0,0,0,0,0
553,1 win & 5 nominations.,1,5,0,0,0,0,0,0,0,0
556,2 wins & 2 nominations.,2,2,0,0,0,0,0,0,0,0
560,1 nomination.,0,1,0,0,0,0,0,0,0,0
561,Won 1 Oscar. Another 11 wins & 14 nominations.,12,14,1,0,0,0,0,0,0,0
563,Won 3 Primetime Emmys. Another 44 nominations.,3,44,0,0,3,0,0,0,0,0
564,1 win & 1 nomination.,1,1,0,0,0,0,0,0,0,0
567,2 nominations.,0,2,0,0,0,0,0,0,0,0
568,1 win.,1,0,0,0,0,0,0,0,0,0
571,Nominated for 7 Oscars. Another 6 wins & 36 nominations.,6,43,0,0,0,0,7,0,0,0
573,1 win & 6 nominations.,1,6,0,0,0,0,0,0,0,0
575,1 nomination.,0,1,0,0,0,0,0,0,0,0
576,1 nomination.,0,1,0,0,0,0,0,0,0,0
582,2 wins.,2,0,0,0,0,0,0,0,0,0
584,2 wins & 7 nominations.,2,7,0,0,0,0,0,0,0,0
585,14 wins & 22 nominations.,14,22,0,0,0,0,0,0,0,0
591,1 nomination.,0,1,0,0,0,0,0,0,0,0
594,1 win & 2 nominations.,1,2,0,0,0,0,0,0,0,0
597,1 nomination.,0,1,0,0,0,0,0,0,0,0
601,12 nominations.,0,12,0,0,0,0,0,0,0,0
604,5 wins & 34 nominations.,5,34,0,0,0,0,0,0,0,0
605,Nominated for 1 Primetime Emmy. Another 1 win & 2 nominations.,1,3,0,0,0,0,0,0,1,0
615,9 nominations.,0,9,0,0,0,0,0,0,0,0
620,8 nominations.,0,8,0,0,0,0,0,0,0,0
621,2 nominations.,0,2,0,0,0,0,0,0,0,0
623,1 nomination.,0,1,0,0,0,0,0,0,0,0
624,2 nominations.,0,2,0,0,0,0,0,0,0,0
625,1 win.,1,0,0,0,0,0,0,0,0,0
626,3 wins.,3,0,0,0,0,0,0,0,0,0
631,1 nomination.,0,1,0,0,0,0,0,0,0,0
634,1 win & 5 nominations.,1,5,0,0,0,0,0,0,0,0
637,2 nominations.,0,2,0,0,0,0,0,0,0,0
638,10 wins & 22 nominations.,10,22,0,0,0,0,0,0,0,0
642,1 nomination.,0,1,0,0,0,0,0,0,0,0
643,Nominated for 2 Golden Globes. Another 21 wins & 72 nominations.,21,74,0,0,0,0,0,2,0,0
655,1 nomination.,0,1,0,0,0,0,0,0,0,0
657,2 wins & 3 nominations.,2,3,0,0,0,0,0,0,0,0
660,1 win.,1,0,0,0,0,0,0,0,0,0
662,1 win.,1,0,0,0,0,0,0,0,0,0
667,1 win & 2 nominations.,1,2,0,0,0,0,0,0,0,0
668,2 wins & 1 nomination.,2,1,0,0,0,0,0,0,0,0
669,1 win.,1,0,0,0,0,0,0,0,0,0
670,2 wins & 10 nominations.,2,10,0,0,0,0,0,0,0,0
676,1 nomination.,0,1,0,0,0,0,0,0,0,0
680,1 nomination.,0,1,0,0,0,0,0,0,0,0
681,8 wins & 10 nominations.,8,10,0,0,0,0,0,0,0,0
683,2 wins & 5 nominations.,2,5,0,0,0,0,0,0,0,0
690,2 wins & 8 nominations.,2,8,0,0,0,0,0,0,0,0
692,2 wins & 2 nominations.,2,2,0,0,0,0,0,0,0,0
693,1 win & 1 nomination.,1,1,0,0,0,0,0,0,0,0
697,1 nomination.,0,1,0,0,0,0,0,0,0,0
699,6 wins & 2 nominations.,6,2,0,0,0,0,0,0,0,0
708,1 nomination.,0,1,0,0,0,0,0,0,0,0
709,1 nomination.,0,1,0,0,0,0,0,0,0,0
710,3 nominations.,0,3,0,0,0,0,0,0,0,0
714,14 wins & 17 nominations.,14,17,0,0,0,0,0,0,0,0
716,3 wins & 7 nominations.,3,7,0,0,0,0,0,0,0,0
717,2 nominations.,0,2,0,0,0,0,0,0,0,0
740,1 nomination.,0,1,0,0,0,0,0,0,0,0
764,5 wins & 2 nominations.,5,2,0,0,0,0,0,0,0,0
765,1 win.,1,0,0,0,0,0,0,0,0,0
776,1 win.,1,0,0,0,0,0,0,0,0,0
782,1 nomination.,0,1,0,0,0,0,0,0,0,0
783,1 nomination.,0,1,0,0,0,0,0,0,0,0
794,13 wins & 7 nominations.,13,7,0,0,0,0,0,0,0,0
810,1 win & 1 nomination.,1,1,0,0,0,0,0,0,0,0
816,1 win.,1,0,0,0,0,0,0,0,0,0
829,1 nomination.,0,1,0,0,0,0,0,0,0,0
835,3 nominations.,0,3,0,0,0,0,0,0,0,0
837,3 nominations.,0,3,0,0,0,0,0,0,0,0
840,2 wins & 5 nominations.,2,5,0,0,0,0,0,0,0,0
846,2 wins.,2,0,0,0,0,0,0,0,0,0
867,1 nomination.,0,1,0,0,0,0,0,0,0,0
868,1 win.,1,0,0,0,0,0,0,0,0,0
871,2 nominations.,0,2,0,0,0,0,0,0,0,0
874,1 win & 15 nominations.,1,15,0,0,0,0,0,0,0,0
877,1 win & 6 nominations.,1,6,0,0,0,0,0,0,0,0
891,1 win & 5 nominations.,1,5,0,0,0,0,0,0,0,0
892,3 wins & 3 nominations.,3,3,0,0,0,0,0,0,0,0
896,1 nomination.,0,1,0,0,0,0,0,0,0,0
899,5 nominations.,0,5,0,0,0,0,0,0,0,0
914,2 wins & 1 nomination.,2,1,0,0,0,0,0,0,0,0
915,6 wins & 6 nominations.,6,6,0,0,0,0,0,0,0,0
916,1 win & 1 nomination.,1,1,0,0,0,0,0,0,0,0
924,1 win.,1,0,0,0,0,0,0,0,0,0
934,1 nomination.,0,1,0,0,0,0,0,0,0,0
947,1 win.,1,0,0,0,0,0,0,0,0,0
983,1 nomination.,0,1,0,0,0,0,0,0,0,0
990,4 nominations.,0,4,0,0,0,0,0,0,0,0
992,1 nomination.,0,1,0,0,0,0,0,0,0,0
1000,1 nomination.,0,1,0,0,0,0,0,0,0,0
1027,1 nomination.,0,1,0,0,0,0,0,0,0,0
1030,2 wins & 2 nominations.,2,2,0,0,0,0,0,0,0,0
1040,1 win.,1,0,0,0,0,0,0,0,0,0
1071,1 nomination.,0,1,0,0,0,0,0,0,0,0
1115,2 wins & 1 nomination.,2,1,0,0,0,0,0,0,0,0
1180,1 win.,1,0,0,0,0,0,0,0,0,0
1201,Nominated for 1 Oscar. Another 25 wins & 51 nominations.,25,52,0,0,0,0,1,0,0,0
1202,1 nomination.,0,1,0,0,0,0,0,0,0,0
1204,8 wins & 20 nominations.,8,20,0,0,0,0,0,0,0,0
1205,2 nominations.,0,2,0,0,0,0,0,0,0,0
1207,4 nominations.,0,4,0,0,0,0,0,0,0,0
1208,5 wins & 12 nominations.,5,12,0,0,0,0,0,0,0,0
1209,3 wins.,3,0,0,0,0,0,0,0,0,0
1212,1 win & 6 nominations.,1,6,0,0,0,0,0,0,0,0
1213,7 wins & 5 nominations.,7,5,0,0,0,0,0,0,0,0
1214,4 nominations.,0,4,0,0,0,0,0,0,0,0
1217,2 nominations.,0,2,0,0,0,0,0,0,0,0
1219,2 wins & 6 nominations.,2,6,0,0,0,0,0,0,0,0
1220,1 win & 14 nominations.,1,14,0,0,0,0,0,0,0,0
1221,Nominated for 3 Oscars. Another 13 wins & 40 nominations.,13,43,0,0,0,0,3,0,0,0
1230,1 win & 2 nominations.,1,2,0,0,0,0,0,0,0,0
1231,1 win & 1 nomination.,1,1,0,0,0,0,0,0,0,0
1233,1 win & 9 nominations.,1,9,0,0,0,0,0,0,0,0
1234,8 wins & 6 nominations.,8,6,0,0,0,0,0,0,0,0
1235,1 nomination.,0,1,0,0,0,0,0,0,0,0
1238,8 wins & 17 nominations.,8,17,0,0,0,0,0,0,0,0
1239,4 wins & 1 nomination.,4,1,0,0,0,0,0,0,0,0
1240,1 win & 1 nomination.,1,1,0,0,0,0,0,0,0,0
1241,4 wins & 4 nominations.,4,4,0,0,0,0,0,0,0,0
1242,5 wins.,5,0,0,0,0,0,0,0,0,0
1243,27 wins & 31 nominations.,27,31,0,0,0,0,0,0,0,0
1244,2 wins & 1 nomination.,2,1,0,0,0,0,0,0,0,0
1245,1 nomination.,0,1,0,0,0,0,0,0,0,0
1246,3 wins.,3,0,0,0,0,0,0,0,0,0
1257,4 wins.,4,0,0,0,0,0,0,0,0,0
1261,4 nominations.,0,4,0,0,0,0,0,0,0,0
1266,5 wins.,5,0,0,0,0,0,0,0,0,0
1267,2 wins & 5 nominations.,2,5,0,0,0,0,0,0,0,0
1268,3 wins.,3,0,0,0,0,0,0,0,0,0
1269,1 nomination.,0,1,0,0,0,0,0,0,0,0
1272,1 win & 1 nomination.,1,1,0,0,0,0,0,0,0,0
1274,Nominated for 1 Oscar. Another 11 wins & 24 nominations.,11,25,0,0,0,0,1,0,0,0
1275,1 win.,1,0,0,0,0,0,0,0,0,0
1279,3 nominations.,0,3,0,0,0,0,0,0,0,0
1299,1 nomination.,0,1,0,0,0,0,0,0,0,0
1300,1 nomination.,0,1,0,0,0,0,0,0,0,0
1301,21 nominations.,0,21,0,0,0,0,0,0,0,0
1304,4 nominations.,0,4,0,0,0,0,0,0,0,0
1305,1 win & 2 nominations.,1,2,0,0,0,0,0,0,0,0
1316,1 win.,1,0,0,0,0,0,0,0,0,0
1324,7 wins & 9 nominations.,7,9,0,0,0,0,0,0,0,0
1327,1 win.,1,0,0,0,0,0,0,0,0,0
1330,3 wins & 32 nominations.,3,32,0,0,0,0,0,0,0,0
1332,1 win.,1,0,0,0,0,0,0,0,0,0
1337,2 wins & 1 nomination.,2,1,0,0,0,0,0,0,0,0
1339,4 wins & 6 nominations.,4,6,0,0,0,0,0,0,0,0
1342,2 wins.,2,0,0,0,0,0,0,0,0,0
1351,4 nominations.,0,4,0,0,0,0,0,0,0,0
1354,1 win.,1,0,0,0,0,0,0,0,0,0
1356,2 wins.,2,0,0,0,0,0,0,0,0,0
1358,2 nominations.,0,2,0,0,0,0,0,0,0,0
1360,7 wins & 7 nominations.,7,7,0,0,0,0,0,0,0,0
1364,2 wins & 1 nomination.,2,1,0,0,0,0,0,0,0,0
1366,2 nominations.,0,2,0,0,0,0,0,0,0,0
1367,1 win.,1,0,0,0,0,0,0,0,0,0
1370,2 nominations.,0,2,0,0,0,0,0,0,0,0
1384,1 nomination.,0,1,0,0,0,0,0,0,0,0
1386,1 win & 1 nomination.,1,1,0,0,0,0,0,0,0,0
1398,Won 6 Golden Globes. Another 80 wins & 310 nominations.,86,310,0,6,0,0,0,0,0,0
1407,18 wins & 7 nominations.,18,7,0,0,0,0,0,0,0,0
1409,1 win & 1 nomination.,1,1,0,0,0,0,0,0,0,0
1413,Nominated for 3 Golden Globes. Another 3 wins & 23 nominations.,3,26,0,0,0,0,0,3,0,0
1415,1 nomination.,0,1,0,0,0,0,0,0,0,0
1424,1 win.,1,0,0,0,0,0,0,0,0,0
1425,3 wins.,3,0,0,0,0,0,0,0,0,0
1428,5 wins & 25 nominations.,5,25,0,0,0,0,0,0,0,0
1455,3 wins.,3,0,0,0,0,0,0,0,0,0
1458,1 nomination.,0,1,0,0,0,0,0,0,0,0
1465,1 nomination.,0,1,0,0,0,0,0,0,0,0
1473,1 nomination.,0,1,0,0,0,0,0,0,0,0
1482,1 win & 1 nomination.,1,1,0,0,0,0,0,0,0,0
1499,11 wins.,11,0,0,0,0,0,0,0,0,0
1502,1 nomination.,0,1,0,0,0,0,0,0,0,0
1505,2 nominations.,0,2,0,0,0,0,0,0,0,0
1514,1 nomination.,0,1,0,0,0,0,0,0,0,0
1518,4 wins & 1 nomination.,4,1,0,0,0,0,0,0,0,0
1519,2 wins.,2,0,0,0,0,0,0,0,0,0
1548,1 nomination.,0,1,0,0,0,0,0,0,0,0
1551,1 nomination.,0,1,0,0,0,0,0,0,0,0
1559,1 win & 1 nomination.,1,1,0,0,0,0,0,0,0,0
1575,3 nominations.,0,3,0,0,0,0,0,0,0,0
1576,1 win & 2 nominations.,1,2,0,0,0,0,0,0,0,0
1584,2 wins.,2,0,0,0,0,0,0,0,0,0
1586,6 wins & 1 nomination.,6,1,0,0,0,0,0,0,0,0
1591,1 win.,1,0,0,0,0,0,0,0,0,0
1594,5 wins & 9 nominations.,5,9,0,0,0,0,0,0,0,0
1595,5 wins & 7 nominations.,5,7,0,0,0,0,0,0,0,0
1606,1 win.,1,0,0,0,0,0,0,0,0,0
1609,4 wins & 5 nominations.,4,5,0,0,0,0,0,0,0,0
1620,4 nominations.,0,4,0,0,0,0,0,0,0,0
1621,1 win & 4 nominations.,1,4,0,0,0,0,0,0,0,0
1623,1 win & 1 nomination.,1,1,0,0,0,0,0,0,0,0
1646,1 win.,1,0,0,0,0,0,0,0,0,0
1661,1 win.,1,0,0,0,0,0,0,0,0,0
1672,4 wins.,4,0,0,0,0,0,0,0,0,0
1706,1 nomination.,0,1,0,0,0,0,0,0,0,0
1746,1 win.,1,0,0,0,0,0,0,0,0,0
1753,1 nomination.,0,1,0,0,0,0,0,0,0,0
1804,2 nominations.,0,2,0,0,0,0,0,0,0,0
1898,36 wins & 20 nominations.,36,20,0,0,0,0,0,0,0,0
1940,1 win & 1 nomination.,1,1,0,0,0,0,0,0,0,0
1941,12 nominations.,0,12,0,0,0,0,0,0,0,0
1943,1 win.,1,0,0,0,0,0,0,0,0,0
1944,3 nominations.,0,3,0,0,0,0,0,0,0,0
1945,5 wins & 6 nominations.,5,6,0,0,0,0,0,0,0,0
1947,1 win & 5 nominations.,1,5,0,0,0,0,0,0,0,0
1948,1 win & 5 nominations.,1,5,0,0,0,0,0,0,0,0
1949,1 win & 1 nomination.,1,1,0,0,0,0,0,0,0,0
1952,4 wins & 1 nomination.,4,1,0,0,0,0,0,0,0,0
1956,1 win.,1,0,0,0,0,0,0,0,0,0
1957,2 wins & 19 nominations.,2,19,0,0,0,0,0,0,0,0
1958,4 nominations.,0,4,0,0,0,0,0,0,0,0
1959,Nominated for 2 Oscars. Another 23 wins & 99 nominations.,23,101,0,0,0,0,2,0,0,0
1960,1 nomination.,0,1,0,0,0,0,0,0,0,0
1961,3 wins & 6 nominations.,3,6,0,0,0,0,0,0,0,0
1965,1 win.,1,0,0,0,0,0,0,0,0,0
1966,1 win.,1,0,0,0,0,0,0,0,0,0
1971,10 wins & 24 nominations.,10,24,0,0,0,0,0,0,0,0
1972,1 nomination.,0,1,0,0,0,0,0,0,0,0
1977,26 wins & 18 nominations.,26,18,0,0,0,0,0,0,0,0
1979,1 nomination.,0,1,0,0,0,0,0,0,0,0
1980,2 wins & 3 nominations.,2,3,0,0,0,0,0,0,0,0
1983,2 nominations.,0,2,0,0,0,0,0,0,0,0
1987,Nominated for 5 Oscars. Another 26 wins & 88 nominations.,26,93,0,0,0,0,5,0,0,0
1988,1 win & 2 nominations.,1,2,0,0,0,0,0,0,0,0
1990,1 win & 4 nominations.,1,4,0,0,0,0,0,0,0,0
1991,1 win & 1 nomination.,1,1,0,0,0,0,0,0,0,0
1994,3 nominations.,0,3,0,0,0,0,0,0,0,0
2007,3 wins & 1 nomination.,3,1,0,0,0,0,0,0,0,0
2008,1 win & 1 nomination.,1,1,0,0,0,0,0,0,0,0
2010,1 nomination.,0,1,0,0,0,0,0,0,0,0
2011,Nominated for 1 Oscar. Another 2 wins & 4 nominations.,2,5,0,0,0,0,1,0,0,0
2012,1 win.,1,0,0,0,0,0,0,0,0,0
2025,5 nominations.,0,5,0,0,0,0,0,0,0,0
2030,1 win & 2 nominations.,1,2,0,0,0,0,0,0,0,0
2031,1 nomination.,0,1,0,0,0,0,0,0,0,0
2032,4 nominations.,0,4,0,0,0,0,0,0,0,0
2045,2 wins & 1 nomination.,2,1,0,0,0,0,0,0,0,0
2047,1 nomination.,0,1,0,0,0,0,0,0,0,0
2050,3 wins & 1 nomination.,3,1,0,0,0,0,0,0,0,0
2055,1 win & 1 nomination.,1,1,0,0,0,0,0,0,0,0
2079,2 wins.,2,0,0,0,0,0,0,0,0,0
2081,1 nomination.,0,1,0,0,0,0,0,0,0,0
2082,1 win & 9 nominations.,1,9,0,0,0,0,0,0,0,0
2085,2 wins & 1 nomination.,2,1,0,0,0,0,0,0,0,0
2086,1 nomination.,0,1,0,0,0,0,0,0,0,0
2101,Nominated for 1 Oscar. Another 2 wins & 14 nominations.,2,15,0,0,0,0,1,0,0,0
2104,28 wins & 16 nominations.,28,16,0,0,0,0,0,0,0,0
2109,1 win & 1 nomination.,1,1,0,0,0,0,0,0,0,0
2116,1 win.,1,0,0,0,0,0,0,0,0,0
2119,1 win & 2 nominations.,1,2,0,0,0,0,0,0,0,0
2125,Won 1 Golden Globe. Another 10 wins & 57 nominations.,11,57,0,1,0,0,0,0,0,0
2145,1 win & 6 nominations.,1,6,0,0,0,0,0,0,0,0
2153,1 win & 1 nomination.,1,1,0,0,0,0,0,0,0,0
2155,1 win.,1,0,0,0,0,0,0,0,0,0
2166,2 wins & 2 nominations.,2,2,0,0,0,0,0,0,0,0
2169,8 wins & 6 nominations.,8,6,0,0,0,0,0,0,0,0
2172,1 win.,1,0,0,0,0,0,0,0,0,0
2173,2 wins.,2,0,0,0,0,0,0,0,0,0
2174,1 win.,1,0,0,0,0,0,0,0,0,0
2182,5 wins & 2 nominations.,5,2,0,0,0,0,0,0,0,0
2185,1 nomination.,0,1,0,0,0,0,0,0,0,0
2189,2 nominations.,0,2,0,0,0,0,0,0,0,0
2193,3 wins.,3,0,0,0,0,0,0,0,0,0
2194,1 win & 3 nominations.,1,3,0,0,0,0,0,0,0,0
2203,3 wins.,3,0,0,0,0,0,0,0,0,0
2213,1 win & 6 nominations.,1,6,0,0,0,0,0,0,0,0
2228,2 wins & 17 nominations.,2,17,0,0,0,0,0,0,0,0
2238,1 win.,1,0,0,0,0,0,0,0,0,0
2242,6 wins & 4 nominations.,6,4,0,0,0,0,0,0,0,0
2248,1 win.,1,0,0,0,0,0,0,0,0,0
2252,1 nomination.,0,1,0,0,0,0,0,0,0,0
2254,1 nomination.,0,1,0,0,0,0,0,0,0,0
2257,2 wins & 10 nominations.,2,10,0,0,0,0,0,0,0,0
2262,26 wins & 24 nominations.,26,24,0,0,0,0,0,0,0,0
2273,1 win.,1,0,0,0,0,0,0,0,0,0
2285,1 win.,1,0,0,0,0,0,0,0,0,0
2287,2 nominations.,0,2,0,0,0,0,0,0,0,0
2288,1 nomination.,0,1,0,0,0,0,0,0,0,0
2296,1 win.,1,0,0,0,0,0,0,0,0,0
2305,1 win.,1,0,0,0,0,0,0,0,0,0
2322,1 win.,1,0,0,0,0,0,0,0,0,0
2337,Won 1 Primetime Emmy. Another 3 wins & 3 nominations.,4,3,0,0,1,0,0,0,0,0
2338,2 wins.,2,0,0,0,0,0,0,0,0,0
2339,1 win.,1,0,0,0,0,0,0,0,0,0
2347,2 nominations.,0,2,0,0,0,0,0,0,0,0
2348,2 wins.,2,0,0,0,0,0,0,0,0,0
2351,3 nominations.,0,3,0,0,0,0,0,0,0,0
2367,Nominated for 1 Oscar. Another 5 wins & 1 nomination.,5,2,0,0,0,0,1,0,0,0
2392,Nominated for 1 Oscar. Another 1 win.,1,1,0,0,0,0,1,0,0,0
2407,2 nominations.,0,2,0,0,0,0,0,0,0,0
2426,2 wins.,2,0,0,0,0,0,0,0,0,0
2430,1 win.,1,0,0,0,0,0,0,0,0,0
2436,1 win & 1 nomination.,1,1,0,0,0,0,0,0,0,0
2440,1 win & 4 nominations.,1,4,0,0,0,0,0,0,0,0
2445,3 wins.,3,0,0,0,0,0,0,0,0,0
2459,2 wins.,2,0,0,0,0,0,0,0,0,0
2469,1 nomination.,0,1,0,0,0,0,0,0,0,0
2480,1 nomination.,0,1,0,0,0,0,0,0,0,0
2488,1 win & 3 nominations.,1,3,0,0,0,0,0,0,0,0
2509,1 nomination.,0,1,0,0,0,0,0,0,0,0
2543,1 nomination.,0,1,0,0,0,0,0,0,0,0
2545,5 nominations.,0,5,0,0,0,0,0,0,0,0
2572,1 win.,1,0,0,0,0,0,0,0,0,0
2596,2 wins & 4 nominations.,2,4,0,0,0,0,0,0,0,0
2669,1 nomination.,0,1,0,0,0,0,0,0,0,0
2723,Won 6 Oscars. Another 48 wins & 28 nominations.,54,28,6,0,0,0,0,0,0,0
2724,12 wins & 20 nominations.,12,20,0,0,0,0,0,0,0,0
2726,1 win & 9 nominations.,1,9,0,0,0,0,0,0,0,0
2727,2 nominations.,0,2,0,0,0,0,0,0,0,0
2729,Nominated for 2 Golden Globes. Another 1 win & 4 nominations.,1,6,0,0,0,0,0,2,0,0
2730,4 wins & 12 nominations.,4,12,0,0,0,0,0,0,0,0
2731,Nominated for 4 Oscars. Another 28 wins & 116 nominations.,28,120,0,0,0,0,4,0,0,0
2733,Won 1 Oscar. Another 7 wins & 29 nominations.,8,29,1,0,0,0,0,0,0,0
2735,Nominated for 2 Oscars. Another 25 wins & 58 nominations.,25,60,0,0,0,0,2,0,0,0
2739,1 win.,1,0,0,0,0,0,0,0,0,0
2740,2 nominations.,0,2,0,0,0,0,0,0,0,0
2742,1 win & 1 nomination.,1,1,0,0,0,0,0,0,0,0
2744,2 wins & 1 nomination.,2,1,0,0,0,0,0,0,0,0
2746,6 wins & 10 nominations.,6,10,0,0,0,0,0,0,0,0
2748,Won 1 Golden Globe. Another 5 wins & 17 nominations.,6,17,0,1,0,0,0,0,0,0
2749,1 nomination.,0,1,0,0,0,0,0,0,0,0
2752,2 wins.,2,0,0,0,0,0,0,0,0,0
2755,1 win.,1,0,0,0,0,0,0,0,0,0
2756,2 wins & 3 nominations.,2,3,0,0,0,0,0,0,0,0
2757,1 nomination.,0,1,0,0,0,0,0,0,0,0
2758,1 win.,1,0,0,0,0,0,0,0,0,0
2763,Nominated for 3 Golden Globes. Another 1 win & 25 nominations.,1,28,0,0,0,0,0,3,0,0
2764,1 win & 7 nominations.,1,7,0,0,0,0,0,0,0,0
2765,3 wins.,3,0,0,0,0,0,0,0,0,0
2770,1 nomination.,0,1,0,0,0,0,0,0,0,0
2773,2 nominations.,0,2,0,0,0,0,0,0,0,0
2774,5 wins & 1 nomination.,5,1,0,0,0,0,0,0,0,0
2775,1 win.,1,0,0,0,0,0,0,0,0,0
2779,7 nominations.,0,7,0,0,0,0,0,0,0,0
2780,2 wins & 2 nominations.,2,2,0,0,0,0,0,0,0,0
2789,1 win.,1,0,0,0,0,0,0,0,0,0
2795,2 nominations.,0,2,0,0,0,0,0,0,0,0
2796,2 nominations.,0,2,0,0,0,0,0,0,0,0
2814,1 nomination.,0,1,0,0,0,0,0,0,0,0
2816,4 nominations.,0,4,0,0,0,0,0,0,0,0
2818,Nominated for 1 Primetime Emmy. Another 4 wins & 17 nominations.,4,18,0,0,0,0,0,0,1,0
2819,1 nomination.,0,1,0,0,0,0,0,0,0,0
2822,2 wins & 10 nominations.,2,10,0,0,0,0,0,0,0,0
2824,1 nomination.,0,1,0,0,0,0,0,0,0,0
2827,1 win & 1 nomination.,1,1,0,0,0,0,0,0,0,0
2830,2 wins & 8 nominations.,2,8,0,0,0,0,0,0,0,0
2845,1 nomination.,0,1,0,0,0,0,0,0,0,0
2846,1 win & 1 nomination.,1,1,0,0,0,0,0,0,0,0
2847,3 wins & 10 nominations.,3,10,0,0,0,0,0,0,0,0
2861,Nominated for 2 Primetime Emmys. Another 8 wins & 14 nominations.,8,16,0,0,0,0,0,0,2,0
2864,1 win.,1,0,0,0,0,0,0,0,0,0
2870,1 nomination.,0,1,0,0,0,0,0,0,0,0
2872,4 wins & 9 nominations.,4,9,0,0,0,0,0,0,0,0
2880,1 win.,1,0,0,0,0,0,0,0,0,0
2883,3 nominations.,0,3,0,0,0,0,0,0,0,0
2893,1 nomination.,0,1,0,0,0,0,0,0,0,0
2912,1 win & 7 nominations.,1,7,0,0,0,0,0,0,0,0
2945,7 wins & 8 nominations.,7,8,0,0,0,0,0,0,0,0
2947,1 nomination.,0,1,0,0,0,0,0,0,0,0
2954,1 win.,1,0,0,0,0,0,0,0,0,0
2964,1 win & 2 nominations.,1,2,0,0,0,0,0,0,0,0
2968,1 win & 3 nominations.,1,3,0,0,0,0,0,0,0,0
2976,1 nomination.,0,1,0,0,0,0,0,0,0,0
2983,1 nomination.,0,1,0,0,0,0,0,0,0,0
2987,1 win.,1,0,0,0,0,0,0,0,0,0
2991,11 wins & 6 nominations.,11,6,0,0,0,0,0,0,0,0
2992,1 win.,1,0,0,0,0,0,0,0,0,0
2999,1 nomination.,0,1,0,0,0,0,0,0,0,0
3010,1 nomination.,0,1,0,0,0,0,0,0,0,0
3016,8 wins & 17 nominations.,8,17,0,0,0,0,0,0,0,0
3039,1 win.,1,0,0,0,0,0,0,0,0,0
3042,4 nominations.,0,4,0,0,0,0,0,0,0,0
3049,1 win & 12 nominations.,1,12,0,0,0,0,0,0,0,0
3052,1 nomination.,0,1,0,0,0,0,0,0,0,0
3058,6 nominations.,0,6,0,0,0,0,0,0,0,0
3094,9 nominations.,0,9,0,0,0,0,0,0,0,0
3096,1 win & 1 nomination.,1,1,0,0,0,0,0,0,0,0
3110,1 nomination.,0,1,0,0,0,0,0,0,0,0
3112,1 nomination.,0,1,0,0,0,0,0,0,0,0
3114,Nominated for 1 Primetime Emmy. Another 1 win & 2 nominations.,1,3,0,0,0,0,0,0,1,0
3115,3 nominations.,0,3,0,0,0,0,0,0,0,0
3123,1 win & 1 nomination.,1,1,0,0,0,0,0,0,0,0
3132,1 nomination.,0,1,0,0,0,0,0,0,0,0
3178,5 wins & 11 nominations.,5,11,0,0,0,0,0,0,0,0
3189,3 wins & 11 nominations.,3,11,0,0,0,0,0,0,0,0
3195,4 wins & 7 nominations.,4,7,0,0,0,0,0,0,0,0
3213,1 win & 1 nomination.,1,1,0,0,0,0,0,0,0,0
3217,1 nomination.,0,1,0,0,0,0,0,0,0,0
3222,6 wins & 11 nominations.,6,11,0,0,0,0,0,0,0,0
3223,1 win.,1,0,0,0,0,0,0,0,0,0
3229,1 win.,1,0,0,0,0,0,0,0,0,0
3238,1 nomination.,0,1,0,0,0,0,0,0,0,0
3239,1 nomination.,0,1,0,0,0,0,0,0,0,0
3248,4 wins.,4,0,0,0,0,0,0,0,0,0
3260,1 win & 3 nominations.,1,3,0,0,0,0,0,0,0,0
3268,5 nominations.,0,5,0,0,0,0,0,0,0,0
3278,1 nomination.,0,1,0,0,0,0,0,0,0,0
3281,1 nomination.,0,1,0,0,0,0,0,0,0,0
3284,1 win.,1,0,0,0,0,0,0,0,0,0
3317,4 nominations.,0,4,0,0,0,0,0,0,0,0
3321,1 win.,1,0,0,0,0,0,0,0,0,0
3326,3 wins & 7 nominations.,3,7,0,0,0,0,0,0,0,0
3341,1 nomination.,0,1,0,0,0,0,0,0,0,0
3369,1 win.,1,0,0,0,0,0,0,0,0,0
3393,1 nomination.,0,1,0,0,0,0,0,0,0,0
3417,1 win & 1 nomination.,1,1,0,0,0,0,0,0,0,0
3462,2 wins.,2,0,0,0,0,0,0,0,0,0
3484,3 nominations.,0,3,0,0,0,0,0,0,0,0
3536,1 nomination.,0,1,0,0,0,0,0,0,0,0
3538,4 nominations.,0,4,0,0,0,0,0,0,0,0
3539,5 nominations.,0,5,0,0,0,0,0,0,0,0
3542,1 nomination.,0,1,0,0,0,0,0,0,0,0
3584,2 wins & 4 nominations.,2,4,0,0,0,0,0,0,0,0
3585,Nominated for 1 Oscar. Another 7 wins & 42 nominations.,7,43,0,0,0,0,1,0,0,0
3586,Nominated for 1 Oscar. Another 34 wins & 75 nominations.,34,76,0,0,0,0,1,0,0,0
3588,Won 3 Oscars. Another 92 wins & 150 nominations.,95,150,3,0,0,0,0,0,0,0
3589,1 win.,1,0,0,0,0,0,0,0,0,0
3591,Nominated for 3 Oscars. Another 46 wins & 87 nominations.,46,90,0,0,0,0,3,0,0,0
3593,1 nomination.,0,1,0,0,0,0,0,0,0,0
3594,20 wins & 35 nominations.,20,35,0,0,0,0,0,0,0,0
3595,11 wins & 21 nominations.,11,21,0,0,0,0,0,0,0,0
3596,2 wins & 3 nominations.,2,3,0,0,0,0,0,0,0,0
3597,Nominated for 3 Oscars. Another 34 wins & 88 nominations.,34,91,0,0,0,0,3,0,0,0
3598,1 win & 4 nominations.,1,4,0,0,0,0,0,0,0,0
3599,2 wins & 1 nomination.,2,1,0,0,0,0,0,0,0,0
3600,22 wins & 68 nominations.,22,68,0,0,0,0,0,0,0,0
3601,1 win & 4 nominations.,1,4,0,0,0,0,0,0,0,0
3604,32 wins & 86 nominations.,32,86,0,0,0,0,0,0,0,0
3605,2 wins & 1 nomination.,2,1,0,0,0,0,0,0,0,0
3606,1 win & 2 nominations.,1,2,0,0,0,0,0,0,0,0
3607,2 wins & 4 nominations.,2,4,0,0,0,0,0,0,0,0
3608,1 win & 1 nomination.,1,1,0,0,0,0,0,0,0,0
3610,8 wins & 19 nominations.,8,19,0,0,0,0,0,0,0,0
3611,1 win & 12 nominations.,1,12,0,0,0,0,0,0,0,0
3612,1 nomination.,0,1,0,0,0,0,0,0,0,0
3614,2 wins & 1 nomination.,2,1,0,0,0,0,0,0,0,0
3615,Nominated for 1 Oscar. Another 13 wins & 26 nominations.,13,27,0,0,0,0,1,0,0,0
3617,11 wins & 62 nominations.,11,62,0,0,0,0,0,0,0,0
3618,3 wins & 2 nominations.,3,2,0,0,0,0,0,0,0,0
3623,1 win & 1 nomination.,1,1,0,0,0,0,0,0,0,0
3624,1 win.,1,0,0,0,0,0,0,0,0,0
3625,1 win & 1 nomination.,1,1,0,0,0,0,0,0,0,0
3627,2 nominations.,0,2,0,0,0,0,0,0,0,0
3629,5 wins & 6 nominations.,5,6,0,0,0,0,0,0,0,0
3631,1 win & 1 nomination.,1,1,0,0,0,0,0,0,0,0
3632,2 wins & 6 nominations.,2,6,0,0,0,0,0,0,0,0
3633,2 wins & 2 nominations.,2,2,0,0,0,0,0,0,0,0
3634,1 win & 1 nomination.,1,1,0,0,0,0,0,0,0,0
3635,1 win.,1,0,0,0,0,0,0,0,0,0
3638,1 nomination.,0,1,0,0,0,0,0,0,0,0
3639,1 nomination.,0,1,0,0,0,0,0,0,0,0
3640,2 nominations.,0,2,0,0,0,0,0,0,0,0
3642,1 win & 1 nomination.,1,1,0,0,0,0,0,0,0,0
3643,7 wins & 12 nominations.,7,12,0,0,0,0,0,0,0,0
3646,3 wins & 2 nominations.,3,2,0,0,0,0,0,0,0,0
3647,1 nomination.,0,1,0,0,0,0,0,0,0,0
3648,3 wins & 9 nominations.,3,9,0,0,0,0,0,0,0,0
3650,4 nominations.,0,4,0,0,0,0,0,0,0,0
3651,1 nomination.,0,1,0,0,0,0,0,0,0,0
3652,1 nomination.,0,1,0,0,0,0,0,0,0,0
3660,1 win.,1,0,0,0,0,0,0,0,0,0
3662,3 nominations.,0,3,0,0,0,0,0,0,0,0
3674,2 nominations.,0,2,0,0,0,0,0,0,0,0
3679,Nominated for 2 Primetime Emmys. Another 1 win & 1 nomination.,1,3,0,0,0,0,0,0,2,0
3689,1 win & 2 nominations.,1,2,0,0,0,0,0,0,0,0
3692,9 wins & 2 nominations.,9,2,0,0,0,0,0,0,0,0
3699,Won 1 Primetime Emmy. Another 2 wins & 20 nominations.,3,20,0,0,1,0,0,0,0,0
3706,2 wins.,2,0,0,0,0,0,0,0,0,0
3708,1 nomination.,0,1,0,0,0,0,0,0,0,0
3717,1 nomination.,0,1,0,0,0,0,0,0,0,0
3730,Nominated for 1 Primetime Emmy. Another 1 win & 26 nominations.,1,27,0,0,0,0,0,0,1,0
3736,1 win.,1,0,0,0,0,0,0,0,0,0
3742,1 nomination.,0,1,0,0,0,0,0,0,0,0
3747,2 wins & 1 nomination.,2,1,0,0,0,0,0,0,0,0
3751,3 nominations.,0,3,0,0,0,0,0,0,0,0
3754,2 nominations.,0,2,0,0,0,0,0,0,0,0
3761,3 wins & 13 nominations.,3,13,0,0,0,0,0,0,0,0
3762,1 nomination.,0,1,0,0,0,0,0,0,0,0
3763,3 wins & 1 nomination.,3,1,0,0,0,0,0,0,0,0
3768,6 wins & 13 nominations.,6,13,0,0,0,0,0,0,0,0
3777,1 win.,1,0,0,0,0,0,0,0,0,0
3781,3 wins & 2 nominations.,3,2,0,0,0,0,0,0,0,0
3785,1 win & 2 nominations.,1,2,0,0,0,0,0,0,0,0
3790,1 nomination.,0,1,0,0,0,0,0,0,0,0
3791,2 wins & 6 nominations.,2,6,0,0,0,0,0,0,0,0
3798,2 nominations.,0,2,0,0,0,0,0,0,0,0
3808,1 win & 1 nomination.,1,1,0,0,0,0,0,0,0,0
3810,1 win.,1,0,0,0,0,0,0,0,0,0
3813,10 wins & 5 nominations.,10,5,0,0,0,0,0,0,0,0
3814,1 win.,1,0,0,0,0,0,0,0,0,0
3824,1 nomination.,0,1,0,0,0,0,0,0,0,0
3828,2 nominations.,0,2,0,0,0,0,0,0,0,0
3829,1 win.,1,0,0,0,0,0,0,0,0,0
3831,2 nominations.,0,2,0,0,0,0,0,0,0,0
3832,2 wins & 1 nomination.,2,1,0,0,0,0,0,0,0,0
3833,2 nominations.,0,2,0,0,0,0,0,0,0,0
3835,1 win.,1,0,0,0,0,0,0,0,0,0
3855,1 win.,1,0,0,0,0,0,0,0,0,0
3862,1 nomination.,0,1,0,0,0,0,0,0,0,0
3863,1 win & 1 nomination.,1,1,0,0,0,0,0,0,0,0
3874,4 wins.,4,0,0,0,0,0,0,0,0,0
3878,Won 1 Primetime Emmy. Another 3 wins & 11 nominations.,4,11,0,0,1,0,0,0,0,0
3881,2 wins & 5 nominations.,2,5,0,0,0,0,0,0,0,0
3883,1 win.,1,0,0,0,0,0,0,0,0,0
3896,1 win.,1,0,0,0,0,0,0,0,0,0
3898,1 win.,1,0,0,0,0,0,0,0,0,0
3903,1 nomination.,0,1,0,0,0,0,0,0,0,0
3904,3 nominations.,0,3,0,0,0,0,0,0,0,0
3916,6 nominations.,0,6,0,0,0,0,0,0,0,0
3919,4 wins & 4 nominations.,4,4,0,0,0,0,0,0,0,0
3922,1 nomination.,0,1,0,0,0,0,0,0,0,0
3924,2 wins.,2,0,0,0,0,0,0,0,0,0
3926,1 win.,1,0,0,0,0,0,0,0,0,0
3927,1 win & 2 nominations.,1,2,0,0,0,0,0,0,0,0
3934,2 nominations.,0,2,0,0,0,0,0,0,0,0
3935,2 wins & 27 nominations.,2,27,0,0,0,0,0,0,0,0
3942,1 nomination.,0,1,0,0,0,0,0,0,0,0
3952,3 wins & 1 nomination.,3,1,0,0,0,0,0,0,0,0
3954,2 wins.,2,0,0,0,0,0,0,0,0,0
3987,1 win.,1,0,0,0,0,0,0,0,0,0
3988,Won 1 Primetime Emmy. Another 4 nominations.,1,4,0,0,1,0,0,0,0,0
3994,1 win.,1,0,0,0,0,0,0,0,0,0
3995,2 wins & 4 nominations.,2,4,0,0,0,0,0,0,0,0
3997,1 win.,1,0,0,0,0,0,0,0,0,0
4000,13 wins & 7 nominations.,13,7,0,0,0,0,0,0,0,0
4003,2 wins & 5 nominations.,2,5,0,0,0,0,0,0,0,0
4024,3 wins.,3,0,0,0,0,0,0,0,0,0
4030,2 wins & 5 nominations.,2,5,0,0,0,0,0,0,0,0
4031,1 nomination.,0,1,0,0,0,0,0,0,0,0
4034,2 nominations.,0,2,0,0,0,0,0,0,0,0
4035,13 wins & 5 nominations.,13,5,0,0,0,0,0,0,0,0
4037,2 nominations.,0,2,0,0,0,0,0,0,0,0
4092,1 nomination.,0,1,0,0,0,0,0,0,0,0
4112,1 win & 1 nomination.,1,1,0,0,0,0,0,0,0,0
4113,4 wins & 16 nominations.,4,16,0,0,0,0,0,0,0,0
4118,3 nominations.,0,3,0,0,0,0,0,0,0,0
4119,1 nomination.,0,1,0,0,0,0,0,0,0,0
4122,1 win.,1,0,0,0,0,0,0,0,0,0
4144,1 win.,1,0,0,0,0,0,0,0,0,0
4211,1 win & 4 nominations.,1,4,0,0,0,0,0,0,0,0
4217,1 nomination.,0,1,0,0,0,0,0,0,0,0
4224,1 win & 1 nomination.,1,1,0,0,0,0,0,0,0,0
4229,2 wins & 2 nominations.,2,2,0,0,0,0,0,0,0,0
4234,4 nominations.,0,4,0,0,0,0,0,0,0,0
4238,1 nomination.,0,1,0,0,0,0,0,0,0,0
4250,1 nomination.,0,1,0,0,0,0,0,0,0,0
4265,1 win & 1 nomination.,1,1,0,0,0,0,0,0,0,0
4268,6 nominations.,0,6,0,0,0,0,0,0,0,0
4278,1 nomination.,0,1,0,0,0,0,0,0,0,0
4283,1 nomination.,0,1,0,0,0,0,0,0,0,0
4289,1 nomination.,0,1,0,0,0,0,0,0,0,0
4291,1 nomination.,0,1,0,0,0,0,0,0,0,0
4318,2 nominations.,0,2,0,0,0,0,0,0,0,0
4333,1 nomination.,0,1,0,0,0,0,0,0,0,0
4338,1 nomination.,0,1,0,0,0,0,0,0,0,0
4356,1 nomination.,0,1,0,0,0,0,0,0,0,0
4363,Nominated for 1 Primetime Emmy. Another 3 nominations.,0,4,0,0,0,0,0,0,1,0
4366,1 nomination.,0,1,0,0,0,0,0,0,0,0
4371,1 nomination.,0,1,0,0,0,0,0,0,0,0
4423,Won 2 Primetime Emmys. Another 2 nominations.,2,2,0,0,2,0,0,0,0,0
4429,1 nomination.,0,1,0,0,0,0,0,0,0,0
4433,1 win & 2 nominations.,1,2,0,0,0,0,0,0,0,0
4445,3 nominations.,0,3,0,0,0,0,0,0,0,0
4473,1 nomination.,0,1,0,0,0,0,0,0,0,0
4505,1 nomination.,0,1,0,0,0,0,0,0,0,0
4506,1 nomination.,0,1,0,0,0,0,0,0,0,0
4539,1 nomination.,0,1,0,0,0,0,0,0,0,0
4585,1 nomination.,0,1,0,0,0,0,0,0,0,0
4586,1 nomination.,0,1,0,0,0,0,0,0,0,0
4588,1 nomination.,0,1,0,0,0,0,0,0,0,0
4616,1 win & 1 nomination.,1,1,0,0,0,0,0,0,0,0
4626,2 nominations.,0,2,0,0,0,0,0,0,0,0
4697,Won 1 Oscar. Another 13 wins & 7 nominations.,14,7,1,0,0,0,0,0,0,0
4698,Won 1 Oscar. Another 13 wins & 7 nominations.,14,7,1,0,0,0,0,0,0,0
4699,Won 3 Golden Globes. Another 13 wins & 19 nominations.,16,19,0,3,0,0,0,0,0,0
4700,Won 6 Oscars. Another 48 wins & 28 nominations.,54,28,6,0,0,0,0,0,0,0
4701,1 win & 2 nominations.,1,2,0,0,0,0,0,0,0,0
4702,1 win.,1,0,0,0,0,0,0,0,0,0
4703,1 win.,1,0,0,0,0,0,0,0,0,0
4704,Won 18 Primetime Emmys. Another 16 wins & 60 nominations.,34,60,0,0,18,0,0,0,0,0
4707,Nominated for 1 Golden Globe. Another 4 wins & 5 nominations.,4,6,0,0,0,0,0,1,0,0
4710,5 wins & 16 nominations.,5,16,0,0,0,0,0,0,0,0
4711,1 nomination.,0,1,0,0,0,0,0,0,0,0
4712,6 wins & 5 nominations.,6,5,0,0,0,0,0,0,0,0
4713,5 nominations.,0,5,0,0,0,0,0,0,0,0
4714,2 nominations.,0,2,0,0,0,0,0,0,0,0
4715,Won 3 Primetime Emmys. Another 34 wins & 89 nominations.,37,89,0,0,3,0,0,0,0,0
4716,Nominated for 3 Oscars. Another 19 wins & 40 nominations.,19,43,0,0,0,0,3,0,0,0
4718,2 wins & 4 nominations.,2,4,0,0,0,0,0,0,0,0
4719,1 win & 7 nominations.,1,7,0,0,0,0,0,0,0,0
4720,Nominated for 1 Oscar. Another 5 wins & 41 nominations.,5,42,0,0,0,0,1,0,0,0
4724,1 win.,1,0,0,0,0,0,0,0,0,0
4725,7 wins & 42 nominations.,7,42,0,0,0,0,0,0,0,0
4727,Nominated for 1 Oscar. Another 8 wins & 58 nominations.,8,59,0,0,0,0,1,0,0,0
4728,Won 1 Oscar. Another 39 wins & 134 nominations.,40,134,1,0,0,0,0,0,0,0
4729,3 wins & 23 nominations.,3,23,0,0,0,0,0,0,0,0
4731,2 wins & 3 nominations.,2,3,0,0,0,0,0,0,0,0
4732,5 wins & 28 nominations.,5,28,0,0,0,0,0,0,0,0
4733,Nominated for 1 Oscar. Another 34 wins & 75 nominations.,34,76,0,0,0,0,1,0,0,0
4734,2 wins & 21 nominations.,2,21,0,0,0,0,0,0,0,0
4736,2 wins & 16 nominations.,2,16,0,0,0,0,0,0,0,0
4737,Nominated for 2 Golden Globes. Another 20 wins & 52 nominations.,20,54,0,0,0,0,0,2,0,0
4738,2 wins & 1 nomination.,2,1,0,0,0,0,0,0,0,0
4740,2 wins & 4 nominations.,2,4,0,0,0,0,0,0,0,0
4741,2 wins & 7 nominations.,2,7,0,0,0,0,0,0,0,0
4742,1 win.,1,0,0,0,0,0,0,0,0,0
4744,2 nominations.,0,2,0,0,0,0,0,0,0,0
4745,Nominated for 2 Oscars. Another 4 wins & 17 nominations.,4,19,0,0,0,0,2,0,0,0
4747,1 win & 23 nominations.,1,23,0,0,0,0,0,0,0,0
4748,4 wins & 1 nomination.,4,1,0,0,0,0,0,0,0,0
4754,1 win & 10 nominations.,1,10,0,0,0,0,0,0,0,0
4755,Nominated for 1 Oscar. Another 17 wins & 53 nominations.,17,54,0,0,0,0,1,0,0,0
4756,Won 2 Oscars. Another 44 wins & 74 nominations.,46,74,2,0,0,0,0,0,0,0
4757,2 wins & 1 nomination.,2,1,0,0,0,0,0,0,0,0
4759,Nominated for 1 Oscar. Another 6 wins & 46 nominations.,6,47,0,0,0,0,1,0,0,0
4760,1 win & 4 nominations.,1,4,0,0,0,0,0,0,0,0
4761,2 wins & 11 nominations.,2,11,0,0,0,0,0,0,0,0
4762,Nominated for 1 BAFTA Film Award. Another 9 wins & 54 nominations.,9,55,0,0,0,0,0,0,0,1
4763,Won 7 Oscars. Another 215 wins & 169 nominations.,222,169,7,0,0,0,0,0,0,0
4764,1 nomination.,0,1,0,0,0,0,0,0,0,0
4767,Nominated for 1 Oscar. Another 70 wins & 59 nominations.,70,60,0,0,0,0,1,0,0,0
4769,4 nominations.,0,4,0,0,0,0,0,0,0,0
4770,4 wins & 10 nominations.,4,10,0,0,0,0,0,0,0,0
4771,Nominated for 1 Oscar. Another 9 wins & 40 nominations.,9,41,0,0,0,0,1,0,0,0
4772,1 win & 9 nominations.,1,9,0,0,0,0,0,0,0,0
4773,3 wins & 2 nominations.,3,2,0,0,0,0,0,0,0,0
4774,Nominated for 3 Primetime Emmys. Another 14 nominations.,0,17,0,0,0,0,0,0,3,0
4775,3 wins & 7 nominations.,3,7,0,0,0,0,0,0,0,0
4777,2 nominations.,0,2,0,0,0,0,0,0,0,0
4779,5 wins & 31 nominations.,5,31,0,0,0,0,0,0,0,0
4780,11 wins & 34 nominations.,11,34,0,0,0,0,0,0,0,0
4782,2 wins & 2 nominations.,2,2,0,0,0,0,0,0,0,0
4783,Nominated for 1 Oscar. Another 13 wins & 59 nominations.,13,60,0,0,0,0,1,0,0,0
4784,1 win & 7 nominations.,1,7,0,0,0,0,0,0,0,0
4785,1 nomination.,0,1,0,0,0,0,0,0,0,0
4787,Nominated for 1 BAFTA Film Award. Another 5 wins & 42 nominations.,5,43,0,0,0,0,0,0,0,1
4789,1 win & 3 nominations.,1,3,0,0,0,0,0,0,0,0
4794,Nominated for 2 Oscars. Another 12 wins & 63 nominations.,12,65,0,0,0,0,2,0,0,0
4795,1 nomination.,0,1,0,0,0,0,0,0,0,0
4796,5 nominations.,0,5,0,0,0,0,0,0,0,0
4797,1 nomination.,0,1,0,0,0,0,0,0,0,0
4798,1 win & 7 nominations.,1,7,0,0,0,0,0,0,0,0
4800,14 wins.,14,0,0,0,0,0,0,0,0,0
4801,3 nominations.,0,3,0,0,0,0,0,0,0,0
4802,2 wins.,2,0,0,0,0,0,0,0,0,0
4803,1 win & 6 nominations.,1,6,0,0,0,0,0,0,0,0
4807,2 wins & 3 nominations.,2,3,0,0,0,0,0,0,0,0
4808,8 nominations.,0,8,0,0,0,0,0,0,0,0
4809,1 nomination.,0,1,0,0,0,0,0,0,0,0
4811,4 wins & 10 nominations.,4,10,0,0,0,0,0,0,0,0
4812,2 wins & 16 nominations.,2,16,0,0,0,0,0,0,0,0
4814,3 wins & 7 nominations.,3,7,0,0,0,0,0,0,0,0
4816,1 win & 4 nominations.,1,4,0,0,0,0,0,0,0,0
4817,1 nomination.,0,1,0,0,0,0,0,0,0,0
4819,2 wins & 5 nominations.,2,5,0,0,0,0,0,0,0,0
4820,1 win & 1 nomination.,1,1,0,0,0,0,0,0,0,0
4822,1 win.,1,0,0,0,0,0,0,0,0,0
4823,2 nominations.,0,2,0,0,0,0,0,0,0,0
4825,Nominated for 1 Oscar. Another 5 wins & 49 nominations.,5,50,0,0,0,0,1,0,0,0
4826,18 wins & 22 nominations.,18,22,0,0,0,0,0,0,0,0
4827,Won 2 Golden Globes. Another 25 wins & 162 nominations.,27,162,0,2,0,0,0,0,0,0
4829,1 win & 11 nominations.,1,11,0,0,0,0,0,0,0,0
4830,Nominated for 1 Oscar. Another 11 wins & 21 nominations.,11,22,0,0,0,0,1,0,0,0
4833,3 wins & 29 nominations.,3,29,0,0,0,0,0,0,0,0
4834,Nominated for 1 Oscar. Another 15 wins & 42 nominations.,15,43,0,0,0,0,1,0,0,0
4838,9 wins & 4 nominations.,9,4,0,0,0,0,0,0,0,0
4839,8 wins & 21 nominations.,8,21,0,0,0,0,0,0,0,0
4840,1 win & 10 nominations.,1,10,0,0,0,0,0,0,0,0
4841,1 win & 6 nominations.,1,6,0,0,0,0,0,0,0,0
4842,1 win.,1,0,0,0,0,0,0,0,0,0
4844,Nominated for 1 BAFTA Film Award. Another 2 wins & 4 nominations.,2,5,0,0,0,0,0,0,0,1
4845,1 nomination.,0,1,0,0,0,0,0,0,0,0
4847,2 nominations.,0,2,0,0,0,0,0,0,0,0
4851,5 wins & 7 nominations.,5,7,0,0,0,0,0,0,0,0
4852,2 nominations.,0,2,0,0,0,0,0,0,0,0
4855,2 wins & 6 nominations.,2,6,0,0,0,0,0,0,0,0
4856,Nominated for 1 Golden Globe. Another 21 wins & 59 nominations.,21,60,0,0,0,0,0,1,0,0
4857,Nominated for 1 Golden Globe. Another 16 wins & 26 nominations.,16,27,0,0,0,0,0,1,0,0
4860,2 wins & 3 nominations.,2,3,0,0,0,0,0,0,0,0
4861,1 win.,1,0,0,0,0,0,0,0,0,0
4862,8 wins & 6 nominations.,8,6,0,0,0,0,0,0,0,0
4863,2 wins & 1 nomination.,2,1,0,0,0,0,0,0,0,0
4864,2 wins & 5 nominations.,2,5,0,0,0,0,0,0,0,0
4865,1 win.,1,0,0,0,0,0,0,0,0,0
4867,2 wins & 18 nominations.,2,18,0,0,0,0,0,0,0,0
4868,16 nominations.,0,16,0,0,0,0,0,0,0,0
4869,3 nominations.,0,3,0,0,0,0,0,0,0,0
4870,6 wins & 11 nominations.,6,11,0,0,0,0,0,0,0,0
4871,2 nominations.,0,2,0,0,0,0,0,0,0,0
4872,Nominated for 2 Oscars. Another 48 wins & 92 nominations.,48,94,0,0,0,0,2,0,0,0
4873,1 nomination.,0,1,0,0,0,0,0,0,0,0
4874,Nominated for 1 Oscar. Another 3 wins & 45 nominations.,3,46,0,0,0,0,1,0,0,0
4875,Won 1 Primetime Emmy. Another 1 win & 5 nominations.,2,5,0,0,1,0,0,0,0,0
4876,9 wins & 3 nominations.,9,3,0,0,0,0,0,0,0,0
4877,1 nomination.,0,1,0,0,0,0,0,0,0,0
4878,Won 3 Oscars. Another 234 wins & 312 nominations.,237,312,3,0,0,0,0,0,0,0
4884,1 nomination.,0,1,0,0,0,0,0,0,0,0
4885,7 nominations.,0,7,0,0,0,0,0,0,0,0
4886,1 win.,1,0,0,0,0,0,0,0,0,0
4887,3 wins.,3,0,0,0,0,0,0,0,0,0
4888,Nominated for 2 Primetime Emmys. Another 1 win & 2 nominations.,1,4,0,0,0,0,0,0,2,0
4889,1 win & 6 nominations.,1,6,0,0,0,0,0,0,0,0
4890,4 wins.,4,0,0,0,0,0,0,0,0,0
4893,10 wins & 23 nominations.,10,23,0,0,0,0,0,0,0,0
4895,2 wins.,2,0,0,0,0,0,0,0,0,0
4896,1 win.,1,0,0,0,0,0,0,0,0,0
4900,1 win & 3 nominations.,1,3,0,0,0,0,0,0,0,0
4902,Nominated for 2 Primetime Emmys. Another 4 wins & 15 nominations.,4,17,0,0,0,0,0,0,2,0
4905,1 win & 2 nominations.,1,2,0,0,0,0,0,0,0,0
4906,Nominated for 1 Oscar. Another 12 wins & 71 nominations.,12,72,0,0,0,0,1,0,0,0
4909,2 nominations.,0,2,0,0,0,0,0,0,0,0
4910,Won 1 Golden Globe. Another 4 wins & 16 nominations.,5,16,0,1,0,0,0,0,0,0
4912,1 win & 1 nomination.,1,1,0,0,0,0,0,0,0,0
4913,2 wins & 18 nominations.,2,18,0,0,0,0,0,0,0,0
4915,9 wins & 13 nominations.,9,13,0,0,0,0,0,0,0,0
4916,1 nomination.,0,1,0,0,0,0,0,0,0,0
4919,5 nominations.,0,5,0,0,0,0,0,0,0,0
4922,Nominated for 3 Oscars. Another 11 wins & 69 nominations.,11,72,0,0,0,0,3,0,0,0
4924,2 nominations.,0,2,0,0,0,0,0,0,0,0
4928,Nominated for 3 Primetime Emmys. Another 2 wins & 48 nominations.,2,51,0,0,0,0,0,0,3,0
4931,1 nomination.,0,1,0,0,0,0,0,0,0,0
4932,1 win & 1 nomination.,1,1,0,0,0,0,0,0,0,0
4933,4 wins & 12 nominations.,4,12,0,0,0,0,0,0,0,0
4934,1 win.,1,0,0,0,0,0,0,0,0,0
4935,3 wins & 9 nominations.,3,9,0,0,0,0,0,0,0,0
4936,2 wins & 3 nominations.,2,3,0,0,0,0,0,0,0,0
4939,8 wins & 11 nominations.,8,11,0,0,0,0,0,0,0,0
4940,2 nominations.,0,2,0,0,0,0,0,0,0,0
4942,3 wins & 4 nominations.,3,4,0,0,0,0,0,0,0,0
4945,2 wins & 5 nominations.,2,5,0,0,0,0,0,0,0,0
4951,1 win.,1,0,0,0,0,0,0,0,0,0
4954,1 win & 28 nominations.,1,28,0,0,0,0,0,0,0,0
4955,13 wins & 11 nominations.,13,11,0,0,0,0,0,0,0,0
4956,1 nomination.,0,1,0,0,0,0,0,0,0,0
4959,2 nominations.,0,2,0,0,0,0,0,0,0,0
4963,1 win & 1 nomination.,1,1,0,0,0,0,0,0,0,0
4964,1 win & 1 nomination.,1,1,0,0,0,0,0,0,0,0
4965,Won 1 Oscar. Another 13 wins & 53 nominations.,14,53,1,0,0,0,0,0,0,0
4966,1 win.,1,0,0,0,0,0,0,0,0,0
4970,1 win & 3 nominations.,1,3,0,0,0,0,0,0,0,0
4971,19 wins & 21 nominations.,19,21,0,0,0,0,0,0,0,0
4975,1 win.,1,0,0,0,0,0,0,0,0,0
4977,1 win & 8 nominations.,1,8,0,0,0,0,0,0,0,0
4981,3 wins & 4 nominations.,3,4,0,0,0,0,0,0,0,0
4982,1 nomination.,0,1,0,0,0,0,0,0,0,0
4984,Nominated for 1 Golden Globe. Another 3 wins & 27 nominations.,3,28,0,0,0,0,0,1,0,0
4985,7 wins & 4 nominations.,7,4,0,0,0,0,0,0,0,0
4986,1 win & 3 nominations.,1,3,0,0,0,0,0,0,0,0
4988,2 wins & 1 nomination.,2,1,0,0,0,0,0,0,0,0
4989,Nominated for 1 Oscar. Another 64 wins & 169 nominations.,64,170,0,0,0,0,1,0,0,0
4990,3 wins & 7 nominations.,3,7,0,0,0,0,0,0,0,0
4993,1 win.,1,0,0,0,0,0,0,0,0,0
4994,2 wins.,2,0,0,0,0,0,0,0,0,0
4996,Won 4 Oscars. Another 122 wins & 213 nominations.,126,213,4,0,0,0,0,0,0,0
4999,1 win.,1,0,0,0,0,0,0,0,0,0
5000,3 wins & 11 nominations.,3,11,0,0,0,0,0,0,0,0
5001,3 wins & 4 nominations.,3,4,0,0,0,0,0,0,0,0
5002,3 nominations.,0,3,0,0,0,0,0,0,0,0
5003,1 nomination.,0,1,0,0,0,0,0,0,0,0
5005,2 wins & 2 nominations.,2,2,0,0,0,0,0,0,0,0
5006,Won 2 Oscars. Another 72 wins & 57 nominations.,74,57,2,0,0,0,0,0,0,0
5008,3 wins & 5 nominations.,3,5,0,0,0,0,0,0,0,0
5009,3 nominations.,0,3,0,0,0,0,0,0,0,0
5010,1 nomination.,0,1,0,0,0,0,0,0,0,0
5015,Nominated for 1 Oscar. Another 6 wins & 45 nominations.,6,46,0,0,0,0,1,0,0,0
5019,1 win & 4 nominations.,1,4,0,0,0,0,0,0,0,0
5021,1 win & 3 nominations.,1,3,0,0,0,0,0,0,0,0
5022,2 wins & 5 nominations.,2,5,0,0,0,0,0,0,0,0
5027,5 wins & 2 nominations.,5,2,0,0,0,0,0,0,0,0
5028,11 nominations.,0,11,0,0,0,0,0,0,0,0
5032,1 win & 4 nominations.,1,4,0,0,0,0,0,0,0,0
5034,1 nomination.,0,1,0,0,0,0,0,0,0,0
5037,1 nomination.,0,1,0,0,0,0,0,0,0,0
5038,2 nominations.,0,2,0,0,0,0,0,0,0,0
5040,Nominated for 1 Primetime Emmy. Another 1 win & 5 nominations.,1,6,0,0,0,0,0,0,1,0
5042,2 nominations.,0,2,0,0,0,0,0,0,0,0
5043,7 wins & 18 nominations.,7,18,0,0,0,0,0,0,0,0
5044,2 nominations.,0,2,0,0,0,0,0,0,0,0
5053,1 win & 19 nominations.,1,19,0,0,0,0,0,0,0,0
5054,2 wins & 5 nominations.,2,5,0,0,0,0,0,0,0,0
5055,23 wins & 27 nominations.,23,27,0,0,0,0,0,0,0,0
5057,1 win & 1 nomination.,1,1,0,0,0,0,0,0,0,0
5059,2 nominations.,0,2,0,0,0,0,0,0,0,0
5065,Nominated for 2 Primetime Emmys. Another 2 wins & 21 nominations.,2,23,0,0,0,0,0,0,2,0
5068,1 win & 4 nominations.,1,4,0,0,0,0,0,0,0,0
5073,1 win & 1 nomination.,1,1,0,0,0,0,0,0,0,0
5076,1 win & 1 nomination.,1,1,0,0,0,0,0,0,0,0
5077,Nominated for 6 Golden Globes. Another 43 wins & 92 nominations.,43,98,0,0,0,0,0,6,0,0
5078,3 wins & 7 nominations.,3,7,0,0,0,0,0,0,0,0
5079,4 wins & 3 nominations.,4,3,0,0,0,0,0,0,0,0
5080,2 wins & 7 nominations.,2,7,0,0,0,0,0,0,0,0
5081,Won 3 Primetime Emmys. Another 2 wins & 17 nominations.,5,17,0,0,3,0,0,0,0,0
5084,2 nominations.,0,2,0,0,0,0,0,0,0,0
5085,11 nominations.,0,11,0,0,0,0,0,0,0,0
5087,1 win.,1,0,0,0,0,0,0,0,0,0
5088,2 wins & 2 nominations.,2,2,0,0,0,0,0,0,0,0
5090,4 wins & 5 nominations.,4,5,0,0,0,0,0,0,0,0
5091,14 wins & 26 nominations.,14,26,0,0,0,0,0,0,0,0
5092,4 wins & 9 nominations.,4,9,0,0,0,0,0,0,0,0
5094,2 wins & 1 nomination.,2,1,0,0,0,0,0,0,0,0
5095,3 wins.,3,0,0,0,0,0,0,0,0,0
5096,2 wins & 9 nominations.,2,9,0,0,0,0,0,0,0,0
5097,1 nomination.,0,1,0,0,0,0,0,0,0,0
5098,2 nominations.,0,2,0,0,0,0,0,0,0,0
5099,1 win & 1 nomination.,1,1,0,0,0,0,0,0,0,0
5100,4 wins & 8 nominations.,4,8,0,0,0,0,0,0,0,0
5103,3 wins & 3 nominations.,3,3,0,0,0,0,0,0,0,0
5105,2 nominations.,0,2,0,0,0,0,0,0,0,0
5106,5 wins & 9 nominations.,5,9,0,0,0,0,0,0,0,0
5108,6 nominations.,0,6,0,0,0,0,0,0,0,0
5110,4 wins & 9 nominations.,4,9,0,0,0,0,0,0,0,0
5112,2 nominations.,0,2,0,0,0,0,0,0,0,0
5115,4 nominations.,0,4,0,0,0,0,0,0,0,0
5118,11 wins & 6 nominations.,11,6,0,0,0,0,0,0,0,0
5120,1 nomination.,0,1,0,0,0,0,0,0,0,0
5121,5 wins & 2 nominations.,5,2,0,0,0,0,0,0,0,0
5122,Nominated for 1 Golden Globe. Another 12 wins & 35 nominations.,12,36,0,0,0,0,0,1,0,0
5124,7 wins & 3 nominations.,7,3,0,0,0,0,0,0,0,0
5125,2 wins.,2,0,0,0,0,0,0,0,0,0
5127,1 nomination.,0,1,0,0,0,0,0,0,0,0
5128,1 win.,1,0,0,0,0,0,0,0,0,0
5130,1 win.,1,0,0,0,0,0,0,0,0,0
5133,4 nominations.,0,4,0,0,0,0,0,0,0,0
5135,1 win & 1 nomination.,1,1,0,0,0,0,0,0,0,0
5136,1 win.,1,0,0,0,0,0,0,0,0,0
5140,3 nominations.,0,3,0,0,0,0,0,0,0,0
5144,1 win.,1,0,0,0,0,0,0,0,0,0
5145,7 wins & 4 nominations.,7,4,0,0,0,0,0,0,0,0
5150,1 win & 1 nomination.,1,1,0,0,0,0,0,0,0,0
5151,1 win & 6 nominations.,1,6,0,0,0,0,0,0,0,0
5152,3 wins & 4 nominations.,3,4,0,0,0,0,0,0,0,0
5153,8 nominations.,0,8,0,0,0,0,0,0,0,0
5155,1 win.,1,0,0,0,0,0,0,0,0,0
5160,10 wins & 38 nominations.,10,38,0,0,0,0,0,0,0,0
5163,2 wins.,2,0,0,0,0,0,0,0,0,0
5164,Won 2 Golden Globes. Another 7 wins & 54 nominations.,9,54,0,2,0,0,0,0,0,0
5167,2 nominations.,0,2,0,0,0,0,0,0,0,0
5170,1 nomination.,0,1,0,0,0,0,0,0,0,0
5176,1 nomination.,0,1,0,0,0,0,0,0,0,0
5177,7 wins & 2 nominations.,7,2,0,0,0,0,0,0,0,0
5182,1 nomination.,0,1,0,0,0,0,0,0,0,0
5186,2 wins & 2 nominations.,2,2,0,0,0,0,0,0,0,0
5189,2 nominations.,0,2,0,0,0,0,0,0,0,0
5190,1 win.,1,0,0,0,0,0,0,0,0,0
5191,1 nomination.,0,1,0,0,0,0,0,0,0,0
5194,1 win & 1 nomination.,1,1,0,0,0,0,0,0,0,0
5195,1 nomination.,0,1,0,0,0,0,0,0,0,0
5197,1 win.,1,0,0,0,0,0,0,0,0,0
5202,1 nomination.,0,1,0,0,0,0,0,0,0,0
5206,4 wins & 2 nominations.,4,2,0,0,0,0,0,0,0,0
5208,Nominated for 1 Primetime Emmy. Another 1 win & 6 nominations.,1,7,0,0,0,0,0,0,1,0
5209,4 wins & 7 nominations.,4,7,0,0,0,0,0,0,0,0
5211,1 win.,1,0,0,0,0,0,0,0,0,0
5213,1 win & 1 nomination.,1,1,0,0,0,0,0,0,0,0
5216,1 nomination.,0,1,0,0,0,0,0,0,0,0
5217,2 nominations.,0,2,0,0,0,0,0,0,0,0
5218,1 nomination.,0,1,0,0,0,0,0,0,0,0
5221,1 win & 2 nominations.,1,2,0,0,0,0,0,0,0,0
5223,1 win & 6 nominations.,1,6,0,0,0,0,0,0,0,0
5226,2 wins & 2 nominations.,2,2,0,0,0,0,0,0,0,0
5232,1 nomination.,0,1,0,0,0,0,0,0,0,0
5239,1 win & 1 nomination.,1,1,0,0,0,0,0,0,0,0
5240,1 win.,1,0,0,0,0,0,0,0,0,0
5243,Nominated for 2 Golden Globes. Another 10 wins & 46 nominations.,10,48,0,0,0,0,0,2,0,0
5245,8 nominations.,0,8,0,0,0,0,0,0,0,0
5249,13 wins & 8 nominations.,13,8,0,0,0,0,0,0,0,0
5254,1 nomination.,0,1,0,0,0,0,0,0,0,0
5258,1 nomination.,0,1,0,0,0,0,0,0,0,0
5259,1 win.,1,0,0,0,0,0,0,0,0,0
5261,1 nomination.,0,1,0,0,0,0,0,0,0,0
5262,1 win & 1 nomination.,1,1,0,0,0,0,0,0,0,0
5263,4 wins & 5 nominations.,4,5,0,0,0,0,0,0,0,0
5267,2 wins & 15 nominations.,2,15,0,0,0,0,0,0,0,0
5269,1 win & 6 nominations.,1,6,0,0,0,0,0,0,0,0
5274,1 win.,1,0,0,0,0,0,0,0,0,0
5276,5 wins & 2 nominations.,5,2,0,0,0,0,0,0,0,0
5288,10 wins & 2 nominations.,10,2,0,0,0,0,0,0,0,0
5294,1 win & 4 nominations.,1,4,0,0,0,0,0,0,0,0
5312,2 nominations.,0,2,0,0,0,0,0,0,0,0
5315,2 nominations.,0,2,0,0,0,0,0,0,0,0
5316,1 nomination.,0,1,0,0,0,0,0,0,0,0
5319,2 nominations.,0,2,0,0,0,0,0,0,0,0
5336,3 nominations.,0,3,0,0,0,0,0,0,0,0
5340,1 nomination.,0,1,0,0,0,0,0,0,0,0
5342,Nominated for 1 Primetime Emmy. Another 30 nominations.,0,31,0,0,0,0,0,0,1,0
5344,1 nomination.,0,1,0,0,0,0,0,0,0,0
5346,1 win.,1,0,0,0,0,0,0,0,0,0
5348,4 wins & 6 nominations.,4,6,0,0,0,0,0,0,0,0
5351,2 nominations.,0,2,0,0,0,0,0,0,0,0
5352,Nominated for 1 Primetime Emmy. Another 2 wins & 4 nominations.,2,5,0,0,0,0,0,0,1,0
5355,1 nomination.,0,1,0,0,0,0,0,0,0,0
5357,7 nominations.,0,7,0,0,0,0,0,0,0,0
5360,4 nominations.,0,4,0,0,0,0,0,0,0,0
5369,1 win & 1 nomination.,1,1,0,0,0,0,0,0,0,0
5378,1 win & 1 nomination.,1,1,0,0,0,0,0,0,0,0
5380,2 wins & 2 nominations.,2,2,0,0,0,0,0,0,0,0
5383,18 wins & 5 nominations.,18,5,0,0,0,0,0,0,0,0
5384,1 win & 5 nominations.,1,5,0,0,0,0,0,0,0,0
5388,1 nomination.,0,1,0,0,0,0,0,0,0,0
5392,6 wins & 13 nominations.,6,13,0,0,0,0,0,0,0,0
5401,1 win & 8 nominations.,1,8,0,0,0,0,0,0,0,0
5412,4 wins.,4,0,0,0,0,0,0,0,0,0
5413,1 win.,1,0,0,0,0,0,0,0,0,0
5414,1 win.,1,0,0,0,0,0,0,0,0,0
5417,1 nomination.,0,1,0,0,0,0,0,0,0,0
5420,Nominated for 4 Primetime Emmys. Another 12 nominations.,0,16,0,0,0,0,0,0,4,0
5422,2 wins & 1 nomination.,2,1,0,0,0,0,0,0,0,0
5430,4 wins & 2 nominations.,4,2,0,0,0,0,0,0,0,0
5432,Won 1 Primetime Emmy. Another 1 win & 4 nominations.,2,4,0,0,1,0,0,0,0,0
5439,1 nomination.,0,1,0,0,0,0,0,0,0,0
5444,20 wins & 32 nominations.,20,32,0,0,0,0,0,0,0,0
5445,1 win & 3 nominations.,1,3,0,0,0,0,0,0,0,0
5456,1 win & 2 nominations.,1,2,0,0,0,0,0,0,0,0
5472,9 nominations.,0,9,0,0,0,0,0,0,0,0
5480,Nominated for 1 Oscar. Another 38 wins & 74 nominations.,38,75,0,0,0,0,1,0,0,0
5481,3 wins & 3 nominations.,3,3,0,0,0,0,0,0,0,0
5486,1 win & 11 nominations.,1,11,0,0,0,0,0,0,0,0
5500,1 nomination.,0,1,0,0,0,0,0,0,0,0
5504,1 win & 1 nomination.,1,1,0,0,0,0,0,0,0,0
5508,1 win.,1,0,0,0,0,0,0,0,0,0
5515,1 nomination.,0,1,0,0,0,0,0,0,0,0
5525,1 nomination.,0,1,0,0,0,0,0,0,0,0
5530,2 nominations.,0,2,0,0,0,0,0,0,0,0
5534,2 nominations.,0,2,0,0,0,0,0,0,0,0
5540,19 wins & 10 nominations.,19,10,0,0,0,0,0,0,0,0
5545,15 wins & 27 nominations.,15,27,0,0,0,0,0,0,0,0
5551,1 win.,1,0,0,0,0,0,0,0,0,0
5552,2 nominations.,0,2,0,0,0,0,0,0,0,0
5554,3 nominations.,0,3,0,0,0,0,0,0,0,0
5559,6 nominations.,0,6,0,0,0,0,0,0,0,0
5567,1 win & 1 nomination.,1,1,0,0,0,0,0,0,0,0
5577,1 win & 2 nominations.,1,2,0,0,0,0,0,0,0,0
5600,1 nomination.,0,1,0,0,0,0,0,0,0,0
5606,1 win & 3 nominations.,1,3,0,0,0,0,0,0,0,0
5613,1 nomination.,0,1,0,0,0,0,0,0,0,0
5614,1 nomination.,0,1,0,0,0,0,0,0,0,0
5618,6 wins & 15 nominations.,6,15,0,0,0,0,0,0,0,0
5630,3 wins & 5 nominations.,3,5,0,0,0,0,0,0,0,0
5631,1 nomination.,0,1,0,0,0,0,0,0,0,0
5637,1 nomination.,0,1,0,0,0,0,0,0,0,0
5641,6 wins & 19 nominations.,6,19,0,0,0,0,0,0,0,0
5644,1 win & 4 nominations.,1,4,0,0,0,0,0,0,0,0
5662,1 nomination.,0,1,0,0,0,0,0,0,0,0
5671,1 nomination.,0,1,0,0,0,0,0,0,0,0
5676,5 wins & 4 nominations.,5,4,0,0,0,0,0,0,0,0
5677,5 wins & 6 nominations.,5,6,0,0,0,0,0,0,0,0
5681,1 win.,1,0,0,0,0,0,0,0,0,0
5682,1 win & 4 nominations.,1,4,0,0,0,0,0,0,0,0
5683,1 nomination.,0,1,0,0,0,0,0,0,0,0
5684,1 win.,1,0,0,0,0,0,0,0,0,0
5693,4 wins & 6 nominations.,4,6,0,0,0,0,0,0,0,0
5727,Won 5 Primetime Emmys. Another 7 wins & 23 nominations.,12,23,0,0,5,0,0,0,0,0
5732,1 nomination.,0,1,0,0,0,0,0,0,0,0
5734,1 nomination.,0,1,0,0,0,0,0,0,0,0
5744,2 wins & 6 nominations.,2,6,0,0,0,0,0,0,0,0
5748,6 wins & 12 nominations.,6,12,0,0,0,0,0,0,0,0
5755,3 wins & 2 nominations.,3,2,0,0,0,0,0,0,0,0
5762,1 win & 3 nominations.,1,3,0,0,0,0,0,0,0,0
5776,1 nomination.,0,1,0,0,0,0,0,0,0,0
5787,1 win.,1,0,0,0,0,0,0,0,0,0
5804,2 wins & 1 nomination.,2,1,0,0,0,0,0,0,0,0
5809,12 wins & 10 nominations.,12,10,0,0,0,0,0,0,0,0
5817,2 wins & 2 nominations.,2,2,0,0,0,0,0,0,0,0
5820,1 win.,1,0,0,0,0,0,0,0,0,0
5821,1 win & 2 nominations.,1,2,0,0,0,0,0,0,0,0
5822,1 win & 1 nomination.,1,1,0,0,0,0,0,0,0,0
5823,1 nomination.,0,1,0,0,0,0,0,0,0,0
5824,5 wins & 15 nominations.,5,15,0,0,0,0,0,0,0,0
5835,2 nominations.,0,2,0,0,0,0,0,0,0,0
5839,2 nominations.,0,2,0,0,0,0,0,0,0,0
5844,1 win & 1 nomination.,1,1,0,0,0,0,0,0,0,0
5845,4 wins & 7 nominations.,4,7,0,0,0,0,0,0,0,0
5851,1 win.,1,0,0,0,0,0,0,0,0,0
5868,2 nominations.,0,2,0,0,0,0,0,0,0,0
5883,Won 1 Oscar. Another 2 wins & 1 nomination.,3,1,1,0,0,0,0,0,0,0
5900,1 nomination.,0,1,0,0,0,0,0,0,0,0
5902,4 wins & 14 nominations.,4,14,0,0,0,0,0,0,0,0
5907,1 nomination.,0,1,0,0,0,0,0,0,0,0
5917,20 wins & 19 nominations.,20,19,0,0,0,0,0,0,0,0
5922,1 nomination.,0,1,0,0,0,0,0,0,0,0
5929,6 wins & 2 nominations.,6,2,0,0,0,0,0,0,0,0
5930,1 win.,1,0,0,0,0,0,0,0,0,0
5931,1 nomination.,0,1,0,0,0,0,0,0,0,0
5937,1 win.,1,0,0,0,0,0,0,0,0,0
5949,1 nomination.,0,1,0,0,0,0,0,0,0,0
5951,1 win & 1 nomination.,1,1,0,0,0,0,0,0,0,0
5954,2 wins.,2,0,0,0,0,0,0,0,0,0
5965,1 win & 4 nominations.,1,4,0,0,0,0,0,0,0,0
5968,2 wins & 3 nominations.,2,3,0,0,0,0,0,0,0,0
5970,2 wins.,2,0,0,0,0,0,0,0,0,0
5971,3 wins & 12 nominations.,3,12,0,0,0,0,0,0,0,0
5985,8 nominations.,0,8,0,0,0,0,0,0,0,0
5993,5 nominations.,0,5,0,0,0,0,0,0,0,0
5995,1 nomination.,0,1,0,0,0,0,0,0,0,0
5997,5 nominations.,0,5,0,0,0,0,0,0,0,0
6004,1 win & 1 nomination.,1,1,0,0,0,0,0,0,0,0
6006,1 nomination.,0,1,0,0,0,0,0,0,0,0
6007,1 win & 5 nominations.,1,5,0,0,0,0,0,0,0,0
6008,1 win.,1,0,0,0,0,0,0,0,0,0
6020,1 nomination.,0,1,0,0,0,0,0,0,0,0
6021,1 win & 1 nomination.,1,1,0,0,0,0,0,0,0,0
6036,1 win & 1 nomination.,1,1,0,0,0,0,0,0,0,0
6040,1 win & 4 nominations.,1,4,0,0,0,0,0,0,0,0
6046,2 nominations.,0,2,0,0,0,0,0,0,0,0
6050,6 nominations.,0,6,0,0,0,0,0,0,0,0
6075,2 wins & 1 nomination.,2,1,0,0,0,0,0,0,0,0
6080,1 nomination.,0,1,0,0,0,0,0,0,0,0
6090,2 wins & 2 nominations.,2,2,0,0,0,0,0,0,0,0
6127,2 wins & 5 nominations.,2,5,0,0,0,0,0,0,0,0
6137,2 wins & 5 nominations.,2,5,0,0,0,0,0,0,0,0
6138,2 wins & 3 nominations.,2,3,0,0,0,0,0,0,0,0
6144,1 win & 12 nominations.,1,12,0,0,0,0,0,0,0,0
6148,1 win & 5 nominations.,1,5,0,0,0,0,0,0,0,0
6150,1 nomination.,0,1,0,0,0,0,0,0,0,0
6151,3 wins & 17 nominations.,3,17,0,0,0,0,0,0,0,0
6163,1 nomination.,0,1,0,0,0,0,0,0,0,0
6169,1 win & 2 nominations.,1,2,0,0,0,0,0,0,0,0
6175,1 nomination.,0,1,0,0,0,0,0,0,0,0
6179,1 nomination.,0,1,0,0,0,0,0,0,0,0
6181,5 nominations.,0,5,0,0,0,0,0,0,0,0
6201,1 nomination.,0,1,0,0,0,0,0,0,0,0
6209,Won 2 Primetime Emmys. Another 3 wins & 5 nominations.,5,5,0,0,2,0,0,0,0,0
6220,1 win & 1 nomination.,1,1,0,0,0,0,0,0,0,0
6222,2 nominations.,0,2,0,0,0,0,0,0,0,0
6231,Won 1 Primetime Emmy. Another 1 nomination.,1,1,0,0,1,0,0,0,0,0
6234,1 win & 3 nominations.,1,3,0,0,0,0,0,0,0,0
6235,6 wins & 4 nominations.,6,4,0,0,0,0,0,0,0,0
6240,2 wins.,2,0,0,0,0,0,0,0,0,0
6241,2 wins & 2 nominations.,2,2,0,0,0,0,0,0,0,0
6249,1 win.,1,0,0,0,0,0,0,0,0,0
6254,8 wins & 2 nominations.,8,2,0,0,0,0,0,0,0,0
6265,1 nomination.,0,1,0,0,0,0,0,0,0,0
6268,1 nomination.,0,1,0,0,0,0,0,0,0,0
6271,1 nomination.,0,1,0,0,0,0,0,0,0,0
6280,1 win.,1,0,0,0,0,0,0,0,0,0
6298,1 nomination.,0,1,0,0,0,0,0,0,0,0
6306,3 wins & 8 nominations.,3,8,0,0,0,0,0,0,0,0
6334,1 win.,1,0,0,0,0,0,0,0,0,0
6337,4 wins & 11 nominations.,4,11,0,0,0,0,0,0,0,0
6343,5 wins & 6 nominations.,5,6,0,0,0,0,0,0,0,0
6347,1 win & 1 nomination.,1,1,0,0,0,0,0,0,0,0
6350,2 nominations.,0,2,0,0,0,0,0,0,0,0
6371,1 nomination.,0,1,0,0,0,0,0,0,0,0
6376,2 nominations.,0,2,0,0,0,0,0,0,0,0
6377,1 win.,1,0,0,0,0,0,0,0,0,0
6383,1 nomination.,0,1,0,0,0,0,0,0,0,0
6390,1 nomination.,0,1,0,0,0,0,0,0,0,0
6398,1 win.,1,0,0,0,0,0,0,0,0,0
6409,2 nominations.,0,2,0,0,0,0,0,0,0,0
6410,1 nomination.,0,1,0,0,0,0,0,0,0,0
6419,6 nominations.,0,6,0,0,0,0,0,0,0,0
6425,8 wins.,8,0,0,0,0,0,0,0,0,0
6447,15 wins & 30 nominations.,15,30,0,0,0,0,0,0,0,0
6468,1 nomination.,0,1,0,0,0,0,0,0,0,0
6473,2 wins.,2,0,0,0,0,0,0,0,0,0
6477,Won 1 Primetime Emmy. Another 1 win & 21 nominations.,2,21,0,0,1,0,0,0,0,0
6481,1 nomination.,0,1,0,0,0,0,0,0,0,0
6483,2 nominations.,0,2,0,0,0,0,0,0,0,0
6500,1 win & 1 nomination.,1,1,0,0,0,0,0,0,0,0
6516,2 wins & 2 nominations.,2,2,0,0,0,0,0,0,0,0
6522,1 win.,1,0,0,0,0,0,0,0,0,0
6524,2 nominations.,0,2,0,0,0,0,0,0,0,0
6534,1 win.,1,0,0,0,0,0,0,0,0,0
6577,Nominated for 1 Golden Globe. Another 8 wins & 16 nominations.,8,17,0,0,0,0,0,1,0,0
6578,Won 1 Primetime Emmy. Another 2 wins.,3,0,0,0,1,0,0,0,0,0
6594,7 wins & 8 nominations.,7,8,0,0,0,0,0,0,0,0
6598,1 win.,1,0,0,0,0,0,0,0,0,0
6599,2 wins & 1 nomination.,2,1,0,0,0,0,0,0,0,0
6600,1 win.,1,0,0,0,0,0,0,0,0,0
6601,1 win & 1 nomination.,1,1,0,0,0,0,0,0,0,0
6609,1 nomination.,0,1,0,0,0,0,0,0,0,0
6621,2 wins & 2 nominations.,2,2,0,0,0,0,0,0,0,0
6622,1 nomination.,0,1,0,0,0,0,0,0,0,0
6634,1 nomination.,0,1,0,0,0,0,0,0,0,0
6657,1 win & 1 nomination.,1,1,0,0,0,0,0,0,0,0
6660,5 wins.,5,0,0,0,0,0,0,0,0,0
6663,3 nominations.,0,3,0,0,0,0,0,0,0,0
6664,4 nominations.,0,4,0,0,0,0,0,0,0,0
6675,3 wins & 4 nominations.,3,4,0,0,0,0,0,0,0,0
6682,1 nomination.,0,1,0,0,0,0,0,0,0,0
6691,1 win.,1,0,0,0,0,0,0,0,0,0
6697,1 nomination.,0,1,0,0,0,0,0,0,0,0
6705,1 nomination.,0,1,0,0,0,0,0,0,0,0
6714,1 win & 2 nominations.,1,2,0,0,0,0,0,0,0,0
6722,3 nominations.,0,3,0,0,0,0,0,0,0,0
6724,1 nomination.,0,1,0,0,0,0,0,0,0,0
6799,4 wins.,4,0,0,0,0,0,0,0,0,0
6803,1 win & 2 nominations.,1,2,0,0,0,0,0,0,0,0
6806,1 win & 2 nominations.,1,2,0,0,0,0,0,0,0,0
6808,1 nomination.,0,1,0,0,0,0,0,0,0,0
6816,2 nominations.,0,2,0,0,0,0,0,0,0,0
6828,1 win.,1,0,0,0,0,0,0,0,0,0
6837,Nominated for 1 Primetime Emmy. Another 1 nomination.,0,2,0,0,0,0,0,0,1,0
6867,3 wins & 4 nominations.,3,4,0,0,0,0,0,0,0,0
6874,1 win & 1 nomination.,1,1,0,0,0,0,0,0,0,0
6890,6 wins & 3 nominations.,6,3,0,0,0,0,0,0,0,0
6893,4 wins & 2 nominations.,4,2,0,0,0,0,0,0,0,0
6900,1 win & 2 nominations.,1,2,0,0,0,0,0,0,0,0
6904,1 win & 6 nominations.,1,6,0,0,0,0,0,0,0,0
6912,5 wins & 3 nominations.,5,3,0,0,0,0,0,0,0,0
6918,Nominated for 1 Oscar. Another 4 wins & 9 nominations.,4,10,0,0,0,0,1,0,0,0
6920,2 wins.,2,0,0,0,0,0,0,0,0,0
6921,Won 2 Primetime Emmys. Another 3 nominations.,2,3,0,0,2,0,0,0,0,0
6929,2 wins & 1 nomination.,2,1,0,0,0,0,0,0,0,0
6933,4 wins.,4,0,0,0,0,0,0,0,0,0
6946,1 win & 2 nominations.,1,2,0,0,0,0,0,0,0,0
6963,9 wins & 1 nomination.,9,1,0,0,0,0,0,0,0,0
6969,1 win.,1,0,0,0,0,0,0,0,0,0
6970,5 nominations.,0,5,0,0,0,0,0,0,0,0
6976,1 win & 1 nomination.,1,1,0,0,0,0,0,0,0,0
6985,3 wins & 1 nomination.,3,1,0,0,0,0,0,0,0,0
6986,1 win & 1 nomination.,1,1,0,0,0,0,0,0,0,0
7001,1 win.,1,0,0,0,0,0,0,0,0,0
7006,4 wins & 3 nominations.,4,3,0,0,0,0,0,0,0,0
7008,2 wins & 4 nominations.,2,4,0,0,0,0,0,0,0,0
7022,9 wins & 7 nominations.,9,7,0,0,0,0,0,0,0,0
7031,2 wins.,2,0,0,0,0,0,0,0,0,0
7045,3 wins & 3 nominations.,3,3,0,0,0,0,0,0,0,0
7061,2 nominations.,0,2,0,0,0,0,0,0,0,0
7072,8 wins & 3 nominations.,8,3,0,0,0,0,0,0,0,0
7076,1 nomination.,0,1,0,0,0,0,0,0,0,0
7083,6 wins & 25 nominations.,6,25,0,0,0,0,0,0,0,0
7091,1 win.,1,0,0,0,0,0,0,0,0,0
7100,1 nomination.,0,1,0,0,0,0,0,0,0,0
7101,1 nomination.,0,1,0,0,0,0,0,0,0,0
7119,2 wins.,2,0,0,0,0,0,0,0,0,0
7129,2 wins & 16 nominations.,2,16,0,0,0,0,0,0,0,0
7133,1 nomination.,0,1,0,0,0,0,0,0,0,0
7142,2 nominations.,0,2,0,0,0,0,0,0,0,0
7162,1 win & 1 nomination.,1,1,0,0,0,0,0,0,0,0
7171,1 win & 5 nominations.,1,5,0,0,0,0,0,0,0,0
7176,1 nomination.,0,1,0,0,0,0,0,0,0,0
7184,15 wins & 20 nominations.,15,20,0,0,0,0,0,0,0,0
7190,1 nomination.,0,1,0,0,0,0,0,0,0,0
7215,1 win.,1,0,0,0,0,0,0,0,0,0
7217,1 win & 3 nominations.,1,3,0,0,0,0,0,0,0,0
7230,2 wins & 5 nominations.,2,5,0,0,0,0,0,0,0,0
7239,1 win.,1,0,0,0,0,0,0,0,0,0
7245,4 wins & 10 nominations.,4,10,0,0,0,0,0,0,0,0
7252,2 wins & 6 nominations.,2,6,0,0,0,0,0,0,0,0
7255,1 nomination.,0,1,0,0,0,0,0,0,0,0
7263,4 wins & 4 nominations.,4,4,0,0,0,0,0,0,0,0
7270,1 win & 3 nominations.,1,3,0,0,0,0,0,0,0,0
7310,1 win & 1 nomination.,1,1,0,0,0,0,0,0,0,0
7339,1 win & 1 nomination.,1,1,0,0,0,0,0,0,0,0
7361,1 win & 6 nominations.,1,6,0,0,0,0,0,0,0,0
7371,1 win & 2 nominations.,1,2,0,0,0,0,0,0,0,0
7374,2 nominations.,0,2,0,0,0,0,0,0,0,0
7389,Won 2 Primetime Emmys. Another 7 wins & 23 nominations.,9,23,0,0,2,0,0,0,0,0
7403,3 wins.,3,0,0,0,0,0,0,0,0,0
7405,2 wins.,2,0,0,0,0,0,0,0,0,0
7415,7 wins & 9 nominations.,7,9,0,0,0,0,0,0,0,0
7426,1 nomination.,0,1,0,0,0,0,0,0,0,0
7429,2 wins.,2,0,0,0,0,0,0,0,0,0
7431,2 nominations.,0,2,0,0,0,0,0,0,0,0
7433,2 wins & 3 nominations.,2,3,0,0,0,0,0,0,0,0
7451,6 wins.,6,0,0,0,0,0,0,0,0,0
7455,3 nominations.,0,3,0,0,0,0,0,0,0,0
7467,9 wins & 5 nominations.,9,5,0,0,0,0,0,0,0,0
7473,1 nomination.,0,1,0,0,0,0,0,0,0,0
7475,6 wins & 7 nominations.,6,7,0,0,0,0,0,0,0,0
7476,1 nomination.,0,1,0,0,0,0,0,0,0,0
7491,2 nominations.,0,2,0,0,0,0,0,0,0,0
7492,2 wins & 1 nomination.,2,1,0,0,0,0,0,0,0,0
7499,1 nomination.,0,1,0,0,0,0,0,0,0,0
7502,1 nomination.,0,1,0,0,0,0,0,0,0,0
7504,1 nomination.,0,1,0,0,0,0,0,0,0,0
7513,5 nominations.,0,5,0,0,0,0,0,0,0,0
7528,Nominated for 4 Primetime Emmys. Another 18 wins & 40 nominations.,18,44,0,0,0,0,0,0,4,0
7540,2 wins & 2 nominations.,2,2,0,0,0,0,0,0,0,0
7543,1 win.,1,0,0,0,0,0,0,0,0,0
7550,1 win.,1,0,0,0,0,0,0,0,0,0
7559,1 nomination.,0,1,0,0,0,0,0,0,0,0
7561,Won 2 Golden Globes. Another 3 wins & 3 nominations.,5,3,0,2,0,0,0,0,0,0
7563,Nominated for 1 Primetime Emmy. Another 4 nominations.,0,5,0,0,0,0,0,0,1,0
7576,5 wins.,5,0,0,0,0,0,0,0,0,0
7583,1 win & 3 nominations.,1,3,0,0,0,0,0,0,0,0
7597,1 win.,1,0,0,0,0,0,0,0,0,0
7621,1 nomination.,0,1,0,0,0,0,0,0,0,0
7632,1 nomination.,0,1,0,0,0,0,0,0,0,0
7633,2 nominations.,0,2,0,0,0,0,0,0,0,0
7636,1 nomination.,0,1,0,0,0,0,0,0,0,0
7642,1 win.,1,0,0,0,0,0,0,0,0,0
7652,8 wins.,8,0,0,0,0,0,0,0,0,0
7664,1 nomination.,0,1,0,0,0,0,0,0,0,0
7674,1 nomination.,0,1,0,0,0,0,0,0,0,0
7683,1 nomination.,0,1,0,0,0,0,0,0,0,0
7688,1 nomination.,0,1,0,0,0,0,0,0,0,0
7698,3 wins & 2 nominations.,3,2,0,0,0,0,0,0,0,0
7718,1 win.,1,0,0,0,0,0,0,0,0,0
7724,1 nomination.,0,1,0,0,0,0,0,0,0,0
7732,2 nominations.,0,2,0,0,0,0,0,0,0,0
7734,1 win & 2 nominations.,1,2,0,0,0,0,0,0,0,0
7735,1 win.,1,0,0,0,0,0,0,0,0,0
7736,1 win.,1,0,0,0,0,0,0,0,0,0
7742,1 nomination.,0,1,0,0,0,0,0,0,0,0
7751,Won 1 Golden Globe. Another 12 wins & 39 nominations.,13,39,0,1,0,0,0,0,0,0
7753,1 win.,1,0,0,0,0,0,0,0,0,0
7756,1 win & 1 nomination.,1,1,0,0,0,0,0,0,0,0
7759,3 wins & 5 nominations.,3,5,0,0,0,0,0,0,0,0
7779,1 win.,1,0,0,0,0,0,0,0,0,0
7790,6 nominations.,0,6,0,0,0,0,0,0,0,0
7794,1 win.,1,0,0,0,0,0,0,0,0,0
7813,1 nomination.,0,1,0,0,0,0,0,0,0,0
7814,1 win & 2 nominations.,1,2,0,0,0,0,0,0,0,0
7823,2 nominations.,0,2,0,0,0,0,0,0,0,0
7840,1 nomination.,0,1,0,0,0,0,0,0,0,0
7855,6 wins & 2 nominations.,6,2,0,0,0,0,0,0,0,0
7886,1 win.,1,0,0,0,0,0,0,0,0,0
7902,2 nominations.,0,2,0,0,0,0,0,0,0,0
7907,1 nomination.,0,1,0,0,0,0,0,0,0,0
7923,1 nomination.,0,1,0,0,0,0,0,0,0,0
7924,1 win & 2 nominations.,1,2,0,0,0,0,0,0,0,0
7967,1 win.,1,0,0,0,0,0,0,0,0,0
7978,2 nominations.,0,2,0,0,0,0,0,0,0,0
7986,1 win.,1,0,0,0,0,0,0,0,0,0
7989,2 nominations.,0,2,0,0,0,0,0,0,0,0
7994,2 nominations.,0,2,0,0,0,0,0,0,0,0
8003,1 nomination.,0,1,0,0,0,0,0,0,0,0
8014,1 nomination.,0,1,0,0,0,0,0,0,0,0
8028,1 win & 1 nomination.,1,1,0,0,0,0,0,0,0,0
8053,1 win.,1,0,0,0,0,0,0,0,0,0
8056,3 nominations.,0,3,0,0,0,0,0,0,0,0
8061,1 nomination.,0,1,0,0,0,0,0,0,0,0
8066,1 win & 1 nomination.,1,1,0,0,0,0,0,0,0,0
8068,1 win.,1,0,0,0,0,0,0,0,0,0
8071,1 win & 2 nominations.,1,2,0,0,0,0,0,0,0,0
8121,2 wins & 1 nomination.,2,1,0,0,0,0,0,0,0,0
8125,1 nomination.,0,1,0,0,0,0,0,0,0,0
8130,1 nomination.,0,1,0,0,0,0,0,0,0,0
8132,2 wins.,2,0,0,0,0,0,0,0,0,0
8133,1 nomination.,0,1,0,0,0,0,0,0,0,0
8136,1 win & 1 nomination.,1,1,0,0,0,0,0,0,0,0
8166,8 nominations.,0,8,0,0,0,0,0,0,0,0
8176,3 wins & 2 nominations.,3,2,0,0,0,0,0,0,0,0
8192,15 wins & 6 nominations.,15,6,0,0,0,0,0,0,0,0
8205,1 nomination.,0,1,0,0,0,0,0,0,0,0
8232,1 nomination.,0,1,0,0,0,0,0,0,0,0
8259,1 win.,1,0,0,0,0,0,0,0,0,0
8265,1 win.,1,0,0,0,0,0,0,0,0,0
8288,1 win & 1 nomination.,1,1,0,0,0,0,0,0,0,0
8320,1 nomination.,0,1,0,0,0,0,0,0,0,0
8333,1 win & 2 nominations.,1,2,0,0,0,0,0,0,0,0
8338,2 nominations.,0,2,0,0,0,0,0,0,0,0
8346,1 nomination.,0,1,0,0,0,0,0,0,0,0
8349,1 win.,1,0,0,0,0,0,0,0,0,0
8445,2 wins.,2,0,0,0,0,0,0,0,0,0
8452,1 win & 1 nomination.,1,1,0,0,0,0,0,0,0,0
8453,4 wins & 7 nominations.,4,7,0,0,0,0,0,0,0,0
8474,4 nominations.,0,4,0,0,0,0,0,0,0,0
8478,1 nomination.,0,1,0,0,0,0,0,0,0,0
8486,5 wins & 11 nominations.,5,11,0,0,0,0,0,0,0,0
8516,1 nomination.,0,1,0,0,0,0,0,0,0,0
8524,1 nomination.,0,1,0,0,0,0,0,0,0,0
8529,1 nomination.,0,1,0,0,0,0,0,0,0,0
8543,1 win & 1 nomination.,1,1,0,0,0,0,0,0,0,0
8546,1 nomination.,0,1,0,0,0,0,0,0,0,0
8550,1 nomination.,0,1,0,0,0,0,0,0,0,0
8552,1 nomination.,0,1,0,0,0,0,0,0,0,0
8567,1 nomination.,0,1,0,0,0,0,0,0,0,0
8583,1 win & 2 nominations.,1,2,0,0,0,0,0,0,0,0
8589,1 win & 14 nominations.,1,14,0,0,0,0,0,0,0,0
8623,4 wins & 1 nomination.,4,1,0,0,0,0,0,0,0,0
8688,5 nominations.,0,5,0,0,0,0,0,0,0,0
8690,1 nomination.,0,1,0,0,0,0,0,0,0,0
8693,3 wins & 1 nomination.,3,1,0,0,0,0,0,0,0,0
8728,8 wins & 15 nominations.,8,15,0,0,0,0,0,0,0,0
8736,4 wins & 1 nomination.,4,1,0,0,0,0,0,0,0,0
8738,4 nominations.,0,4,0,0,0,0,0,0,0,0
8757,1 nomination.,0,1,0,0,0,0,0,0,0,0
8772,Nominated for 1 Primetime Emmy. Another 1 nomination.,0,2,0,0,0,0,0,0,1,0
8775,1 win & 3 nominations.,1,3,0,0,0,0,0,0,0,0
8779,1 win.,1,0,0,0,0,0,0,0,0,0
8781,1 win & 1 nomination.,1,1,0,0,0,0,0,0,0,0
8788,1 nomination.,0,1,0,0,0,0,0,0,0,0
8810,2 nominations.,0,2,0,0,0,0,0,0,0,0
8821,1 win.,1,0,0,0,0,0,0,0,0,0
8823,3 nominations.,0,3,0,0,0,0,0,0,0,0
8833,1 win & 2 nominations.,1,2,0,0,0,0,0,0,0,0
8835,3 nominations.,0,3,0,0,0,0,0,0,0,0
8846,1 win & 3 nominations.,1,3,0,0,0,0,0,0,0,0
8864,1 nomination.,0,1,0,0,0,0,0,0,0,0
8872,1 nomination.,0,1,0,0,0,0,0,0,0,0
8941,1 win & 1 nomination.,1,1,0,0,0,0,0,0,0,0
8942,1 win & 2 nominations.,1,2,0,0,0,0,0,0,0,0
8947,1 win & 3 nominations.,1,3,0,0,0,0,0,0,0,0
9033,2 wins & 5 nominations.,2,5,0,0,0,0,0,0,0,0
9034,1 win.,1,0,0,0,0,0,0,0,0,0
9037,2 nominations.,0,2,0,0,0,0,0,0,0,0
9038,4 wins & 5 nominations.,4,5,0,0,0,0,0,0,0,0
9049,1 win.,1,0,0,0,0,0,0,0,0,0
9051,1 nomination.,0,1,0,0,0,0,0,0,0,0
9053,3 wins & 7 nominations.,3,7,0,0,0,0,0,0,0,0
9059,2 wins & 3 nominations.,2,3,0,0,0,0,0,0,0,0
9092,1 nomination.,0,1,0,0,0,0,0,0,0,0
9108,2 nominations.,0,2,0,0,0,0,0,0,0,0
9111,1 nomination.,0,1,0,0,0,0,0,0,0,0
9124,4 wins & 2 nominations.,4,2,0,0,0,0,0,0,0,0
9136,2 wins & 3 nominations.,2,3,0,0,0,0,0,0,0,0
9147,1 nomination.,0,1,0,0,0,0,0,0,0,0
9150,2 wins.,2,0,0,0,0,0,0,0,0,0
9171,1 win.,1,0,0,0,0,0,0,0,0,0
9174,1 win & 1 nomination.,1,1,0,0,0,0,0,0,0,0
9187,3 nominations.,0,3,0,0,0,0,0,0,0,0
9197,2 wins & 1 nomination.,2,1,0,0,0,0,0,0,0,0
9210,6 wins & 5 nominations.,6,5,0,0,0,0,0,0,0,0
9225,1 nomination.,0,1,0,0,0,0,0,0,0,0
9228,2 wins & 1 nomination.,2,1,0,0,0,0,0,0,0,0
9260,Nominated for 1 Primetime Emmy. Another 1 win & 6 nominations.,1,7,0,0,0,0,0,0,1,0
9266,1 nomination.,0,1,0,0,0,0,0,0,0,0
9278,1 nomination.,0,1,0,0,0,0,0,0,0,0
9287,2 wins.,2,0,0,0,0,0,0,0,0,0
9297,1 nomination.,0,1,0,0,0,0,0,0,0,0
9308,1 nomination.,0,1,0,0,0,0,0,0,0,0
9311,2 wins & 4 nominations.,2,4,0,0,0,0,0,0,0,0
9312,1 win & 1 nomination.,1,1,0,0,0,0,0,0,0,0
9344,1 nomination.,0,1,0,0,0,0,0,0,0,0
9395,1 win & 1 nomination.,1,1,0,0,0,0,0,0,0,0
9425,1 win.,1,0,0,0,0,0,0,0,0,0
9475,2 nominations.,0,2,0,0,0,0,0,0,0,0
9486,1 nomination.,0,1,0,0,0,0,0,0,0,0
9507,1 nomination.,0,1,0,0,0,0,0,0,0,0
9514,1 nomination.,0,1,0,0,0,0,0,0,0,0
9530,2 wins & 2 nominations.,2,2,0,0,0,0,0,0,0,0
9541,1 nomination.,0,1,0,0,0,0,0,0,0,0
9544,1 win.,1,0,0,0,0,0,0,0,0,0
9552,2 nominations.,0,2,0,0,0,0,0,0,0,0
9577,2 nominations.,0,2,0,0,0,0,0,0,0,0
9580,2 nominations.,0,2,0,0,0,0,0,0,0,0
9581,2 nominations.,0,2,0,0,0,0,0,0,0,0
9595,1 win & 11 nominations.,1,11,0,0,0,0,0,0,0,0
9657,1 win.,1,0,0,0,0,0,0,0,0,0
9677,1 nomination.,0,1,0,0,0,0,0,0,0,0
9686,3 nominations.,0,3,0,0,0,0,0,0,0,0
9711,1 win.,1,0,0,0,0,0,0,0,0,0
9735,1 win.,1,0,0,0,0,0,0,0,0,0
9739,1 nomination.,0,1,0,0,0,0,0,0,0,0
9740,1 nomination.,0,1,0,0,0,0,0,0,0,0
9742,1 nomination.,0,1,0,0,0,0,0,0,0,0
9747,1 nomination.,0,1,0,0,0,0,0,0,0,0
9750,1 win.,1,0,0,0,0,0,0,0,0,0
9783,1 nomination.,0,1,0,0,0,0,0,0,0,0
9784,2 wins.,2,0,0,0,0,0,0,0,0,0
9841,1 nomination.,0,1,0,0,0,0,0,0,0,0
9844,1 win.,1,0,0,0,0,0,0,0,0,0
9845,1 nomination.,0,1,0,0,0,0,0,0,0,0
9895,4 wins & 7 nominations.,4,7,0,0,0,0,0,0,0,0
9917,1 nomination.,0,1,0,0,0,0,0,0,0,0
9921,1 win & 1 nomination.,1,1,0,0,0,0,0,0,0,0
10003,1 win.,1,0,0,0,0,0,0,0,0,0
10062,1 nomination.,0,1,0,0,0,0,0,0,0,0
10151,1 nomination.,0,1,0,0,0,0,0,0,0,0
10184,2 nominations.,0,2,0,0,0,0,0,0,0,0
10239,3 wins & 4 nominations.,3,4,0,0,0,0,0,0,0,0
10269,1 win.,1,0,0,0,0,0,0,0,0,0
10323,1 win.,1,0,0,0,0,0,0,0,0,0
10348,1 nomination.,0,1,0,0,0,0,0,0,0,0
10356,1 nomination.,0,1,0,0,0,0,0,0,0,0
10546,Nominated for 5 Oscars. Another 6 wins & 1 nomination.,6,6,0,0,0,0,5,0,0,0
10550,1 nomination.,0,1,0,0,0,0,0,0,0,0
10551,1 win.,1,0,0,0,0,0,0,0,0,0
10552,1 win.,1,0,0,0,0,0,0,0,0,0
10553,Won 18 Primetime Emmys. Another 16 wins & 60 nominations.,34,60,0,0,18,0,0,0,0,0
10554,Won 7 Primetime Emmys. Another 25 wins & 84 nominations.,32,84,0,0,7,0,0,0,0,0
10555,2 nominations.,0,2,0,0,0,0,0,0,0,0
10556,Nominated for 2 Oscars. Another 14 wins & 56 nominations.,14,58,0,0,0,0,2,0,0,0
10559,4 wins & 2 nominations.,4,2,0,0,0,0,0,0,0,0
10560,1 win & 5 nominations.,1,5,0,0,0,0,0,0,0,0
10561,6 wins & 53 nominations.,6,53,0,0,0,0,0,0,0,0
10562,Nominated for 1 BAFTA Film Award. Another 2 wins & 28 nominations.,2,29,0,0,0,0,0,0,0,1
10563,3 wins.,3,0,0,0,0,0,0,0,0,0
10569,2 wins & 4 nominations.,2,4,0,0,0,0,0,0,0,0
10572,3 nominations.,0,3,0,0,0,0,0,0,0,0
10575,2 wins & 5 nominations.,2,5,0,0,0,0,0,0,0,0
10577,1 nomination.,0,1,0,0,0,0,0,0,0,0
10580,1 win.,1,0,0,0,0,0,0,0,0,0
10586,4 nominations.,0,4,0,0,0,0,0,0,0,0
10590,7 nominations.,0,7,0,0,0,0,0,0,0,0
10593,2 wins & 6 nominations.,2,6,0,0,0,0,0,0,0,0
10595,4 wins & 11 nominations.,4,11,0,0,0,0,0,0,0,0
10610,1 win & 2 nominations.,1,2,0,0,0,0,0,0,0,0
10614,Nominated for 1 Oscar. Another 8 wins & 28 nominations.,8,29,0,0,0,0,1,0,0,0
10617,2 nominations.,0,2,0,0,0,0,0,0,0,0
10621,1 nomination.,0,1,0,0,0,0,0,0,0,0
10622,1 nomination.,0,1,0,0,0,0,0,0,0,0
10623,1 nomination.,0,1,0,0,0,0,0,0,0,0
10626,1 win & 8 nominations.,1,8,0,0,0,0,0,0,0,0
10628,17 wins & 32 nominations.,17,32,0,0,0,0,0,0,0,0
10635,1 win & 3 nominations.,1,3,0,0,0,0,0,0,0,0
10636,1 win & 3 nominations.,1,3,0,0,0,0,0,0,0,0
10639,17 wins & 28 nominations.,17,28,0,0,0,0,0,0,0,0
10640,2 wins & 16 nominations.,2,16,0,0,0,0,0,0,0,0
10641,2 wins & 2 nominations.,2,2,0,0,0,0,0,0,0,0
10642,Nominated for 1 Golden Globe. Another 5 wins & 39 nominations.,5,40,0,0,0,0,0,1,0,0
10643,2 nominations.,0,2,0,0,0,0,0,0,0,0
10644,3 nominations.,0,3,0,0,0,0,0,0,0,0
10645,1 win & 1 nomination.,1,1,0,0,0,0,0,0,0,0
10647,2 nominations.,0,2,0,0,0,0,0,0,0,0
10649,Won 1 Oscar. Another 91 wins & 95 nominations.,92,95,1,0,0,0,0,0,0,0
10651,3 wins & 3 nominations.,3,3,0,0,0,0,0,0,0,0
10652,5 wins & 10 nominations.,5,10,0,0,0,0,0,0,0,0
10653,1 win.,1,0,0,0,0,0,0,0,0,0
10654,10 nominations.,0,10,0,0,0,0,0,0,0,0
10657,1 nomination.,0,1,0,0,0,0,0,0,0,0
10658,1 win.,1,0,0,0,0,0,0,0,0,0
10665,2 wins & 8 nominations.,2,8,0,0,0,0,0,0,0,0
10666,1 win & 2 nominations.,1,2,0,0,0,0,0,0,0,0
10669,2 nominations.,0,2,0,0,0,0,0,0,0,0
10670,2 wins & 1 nomination.,2,1,0,0,0,0,0,0,0,0
10673,2 wins & 2 nominations.,2,2,0,0,0,0,0,0,0,0
10674,1 win & 6 nominations.,1,6,0,0,0,0,0,0,0,0
10676,Nominated for 1 BAFTA Film Award. Another 1 win & 18 nominations.,1,19,0,0,0,0,0,0,0,1
10677,1 nomination.,0,1,0,0,0,0,0,0,0,0
10678,1 nomination.,0,1,0,0,0,0,0,0,0,0
10679,Nominated for 1 Oscar. Another 9 wins & 18 nominations.,9,19,0,0,0,0,1,0,0,0
10681,1 win.,1,0,0,0,0,0,0,0,0,0
10684,Won 1 Oscar. Another 7 wins & 29 nominations.,8,29,1,0,0,0,0,0,0,0
10685,Nominated for 3 Oscars. Another 32 wins & 141 nominations.,32,144,0,0,0,0,3,0,0,0
10687,2 wins & 18 nominations.,2,18,0,0,0,0,0,0,0,0
10690,5 wins & 41 nominations.,5,41,0,0,0,0,0,0,0,0
10692,7 wins & 14 nominations.,7,14,0,0,0,0,0,0,0,0
10694,1 win & 6 nominations.,1,6,0,0,0,0,0,0,0,0
10696,2 wins & 10 nominations.,2,10,0,0,0,0,0,0,0,0
10697,Nominated for 1 Golden Globe. Another 1 win & 44 nominations.,1,45,0,0,0,0,0,1,0,0
10699,2 nominations.,0,2,0,0,0,0,0,0,0,0
10700,Nominated for 5 Oscars. Another 47 wins & 106 nominations.,47,111,0,0,0,0,5,0,0,0
10701,Won 1 Golden Globe. Another 2 wins & 17 nominations.,3,17,0,1,0,0,0,0,0,0
10703,1 win & 10 nominations.,1,10,0,0,0,0,0,0,0,0
10704,1 nomination.,0,1,0,0,0,0,0,0,0,0
10706,2 wins.,2,0,0,0,0,0,0,0,0,0
10707,6 wins & 33 nominations.,6,33,0,0,0,0,0,0,0,0
10708,1 nomination.,0,1,0,0,0,0,0,0,0,0
10711,2 nominations.,0,2,0,0,0,0,0,0,0,0
10713,3 nominations.,0,3,0,0,0,0,0,0,0,0
10720,1 win & 1 nomination.,1,1,0,0,0,0,0,0,0,0
10721,1 win & 1 nomination.,1,1,0,0,0,0,0,0,0,0
10722,1 nomination.,0,1,0,0,0,0,0,0,0,0
10726,6 wins.,6,0,0,0,0,0,0,0,0,0
10727,1 nomination.,0,1,0,0,0,0,0,0,0,0
10728,1 win & 1 nomination.,1,1,0,0,0,0,0,0,0,0
10729,7 nominations.,0,7,0,0,0,0,0,0,0,0
10732,2 wins.,2,0,0,0,0,0,0,0,0,0
10734,Won 9 Primetime Emmys. Another 17 wins & 17 nominations.,26,17,0,0,9,0,0,0,0,0
10735,1 win.,1,0,0,0,0,0,0,0,0,0
10736,1 nomination.,0,1,0,0,0,0,0,0,0,0
10741,1 win.,1,0,0,0,0,0,0,0,0,0
10742,Nominated for 1 Oscar. Another 2 wins & 49 nominations.,2,50,0,0,0,0,1,0,0,0
10743,5 nominations.,0,5,0,0,0,0,0,0,0,0
10745,1 nomination.,0,1,0,0,0,0,0,0,0,0
10746,1 nomination.,0,1,0,0,0,0,0,0,0,0
10752,2 wins & 4 nominations.,2,4,0,0,0,0,0,0,0,0
10758,1 win & 7 nominations.,1,7,0,0,0,0,0,0,0,0
10762,1 win & 2 nominations.,1,2,0,0,0,0,0,0,0,0
10766,Nominated for 1 Golden Globe. Another 10 wins & 53 nominations.,10,54,0,0,0,0,0,1,0,0
10767,2 nominations.,0,2,0,0,0,0,0,0,0,0
10769,5 nominations.,0,5,0,0,0,0,0,0,0,0
10771,2 wins & 4 nominations.,2,4,0,0,0,0,0,0,0,0
10780,1 win.,1,0,0,0,0,0,0,0,0,0
10794,1 win.,1,0,0,0,0,0,0,0,0,0
10795,1 nomination.,0,1,0,0,0,0,0,0,0,0
10796,3 wins & 4 nominations.,3,4,0,0,0,0,0,0,0,0
10799,2 wins & 2 nominations.,2,2,0,0,0,0,0,0,0,0
10800,4 wins.,4,0,0,0,0,0,0,0,0,0
10805,8 wins & 22 nominations.,8,22,0,0,0,0,0,0,0,0
10806,1 nomination.,0,1,0,0,0,0,0,0,0,0
10807,1 win & 1 nomination.,1,1,0,0,0,0,0,0,0,0
10810,1 nomination.,0,1,0,0,0,0,0,0,0,0
10811,1 win.,1,0,0,0,0,0,0,0,0,0
10813,Nominated for 5 Primetime Emmys. Another 12 nominations.,0,17,0,0,0,0,0,0,5,0
10822,1 win & 4 nominations.,1,4,0,0,0,0,0,0,0,0
10825,2 nominations.,0,2,0,0,0,0,0,0,0,0
10836,Nominated for 7 Primetime Emmys. Another 1 win & 26 nominations.,1,33,0,0,0,0,0,0,7,0
10837,Nominated for 5 Primetime Emmys. Another 2 wins & 11 nominations.,2,16,0,0,0,0,0,0,5,0
10843,Nominated for 11 Primetime Emmys. Another 7 wins & 26 nominations.,7,37,0,0,0,0,0,0,11,0
10847,2 wins.,2,0,0,0,0,0,0,0,0,0
10852,3 wins & 1 nomination.,3,1,0,0,0,0,0,0,0,0
10854,1 nomination.,0,1,0,0,0,0,0,0,0,0
10861,2 nominations.,0,2,0,0,0,0,0,0,0,0
10865,1 nomination.,0,1,0,0,0,0,0,0,0,0
10866,1 win.,1,0,0,0,0,0,0,0,0,0
10872,1 win.,1,0,0,0,0,0,0,0,0,0
10881,1 win & 1 nomination.,1,1,0,0,0,0,0,0,0,0
10882,1 win.,1,0,0,0,0,0,0,0,0,0
10889,Won 1 Primetime Emmy. Another 1 nomination.,1,1,0,0,1,0,0,0,0,0
10891,11 nominations.,0,11,0,0,0,0,0,0,0,0
10899,Nominated for 3 Golden Globes. Another 9 wins & 50 nominations.,9,53,0,0,0,0,0,3,0,0
10901,2 wins & 7 nominations.,2,7,0,0,0,0,0,0,0,0
10903,1 nomination.,0,1,0,0,0,0,0,0,0,0
10905,6 nominations.,0,6,0,0,0,0,0,0,0,0
10913,5 wins & 26 nominations.,5,26,0,0,0,0,0,0,0,0
10914,11 wins.,11,0,0,0,0,0,0,0,0,0
10915,Nominated for 1 Golden Globe. Another 1 win & 10 nominations.,1,11,0,0,0,0,0,1,0,0
10929,2 wins & 5 nominations.,2,5,0,0,0,0,0,0,0,0
10935,1 win & 10 nominations.,1,10,0,0,0,0,0,0,0,0
10937,1 nomination.,0,1,0,0,0,0,0,0,0,0
10940,1 win & 1 nomination.,1,1,0,0,0,0,0,0,0,0
10943,4 wins & 1 nomination.,4,1,0,0,0,0,0,0,0,0
10947,3 wins.,3,0,0,0,0,0,0,0,0,0
10949,Nominated for 3 Primetime Emmys. Another 2 wins & 7 nominations.,2,10,0,0,0,0,0,0,3,0
10959,1 nomination.,0,1,0,0,0,0,0,0,0,0
10960,1 win.,1,0,0,0,0,0,0,0,0,0
10967,1 win.,1,0,0,0,0,0,0,0,0,0
10969,1 win.,1,0,0,0,0,0,0,0,0,0
10984,Won 1 Primetime Emmy. Another 1 win & 13 nominations.,2,13,0,0,1,0,0,0,0,0
10986,Won 4 Primetime Emmys. Another 1 win & 6 nominations.,5,6,0,0,4,0,0,0,0,0
10994,5 wins & 1 nomination.,5,1,0,0,0,0,0,0,0,0
10999,2 nominations.,0,2,0,0,0,0,0,0,0,0
11000,1 win & 1 nomination.,1,1,0,0,0,0,0,0,0,0
11002,3 wins & 19 nominations.,3,19,0,0,0,0,0,0,0,0
11003,8 wins & 6 nominations.,8,6,0,0,0,0,0,0,0,0
11011,5 wins & 8 nominations.,5,8,0,0,0,0,0,0,0,0
11024,1 win & 7 nominations.,1,7,0,0,0,0,0,0,0,0
11027,1 win.,1,0,0,0,0,0,0,0,0,0
11031,1 win & 1 nomination.,1,1,0,0,0,0,0,0,0,0
11034,1 win & 1 nomination.,1,1,0,0,0,0,0,0,0,0
11069,1 win & 3 nominations.,1,3,0,0,0,0,0,0,0,0
11073,6 nominations.,0,6,0,0,0,0,0,0,0,0
11074,1 nomination.,0,1,0,0,0,0,0,0,0,0
11077,4 nominations.,0,4,0,0,0,0,0,0,0,0
11085,1 nomination.,0,1,0,0,0,0,0,0,0,0
11087,2 wins & 8 nominations.,2,8,0,0,0,0,0,0,0,0
11088,1 win & 6 nominations.,1,6,0,0,0,0,0,0,0,0
11099,1 nomination.,0,1,0,0,0,0,0,0,0,0
11101,1 nomination.,0,1,0,0,0,0,0,0,0,0
11105,1 nomination.,0,1,0,0,0,0,0,0,0,0
11107,1 nomination.,0,1,0,0,0,0,0,0,0,0
11110,1 nomination.,0,1,0,0,0,0,0,0,0,0
11114,1 win.,1,0,0,0,0,0,0,0,0,0
11119,1 nomination.,0,1,0,0,0,0,0,0,0,0
11122,7 nominations.,0,7,0,0,0,0,0,0,0,0
11130,4 wins & 6 nominations.,4,6,0,0,0,0,0,0,0,0
11132,2 nominations.,0,2,0,0,0,0,0,0,0,0
11134,1 nomination.,0,1,0,0,0,0,0,0,0,0
11141,1 nomination.,0,1,0,0,0,0,0,0,0,0
11145,1 nomination.,0,1,0,0,0,0,0,0,0,0
11147,1 win.,1,0,0,0,0,0,0,0,0,0
11149,1 nomination.,0,1,0,0,0,0,0,0,0,0
11158,6 wins & 5 nominations.,6,5,0,0,0,0,0,0,0,0
11165,2 wins & 4 nominations.,2,4,0,0,0,0,0,0,0,0
11179,1 win & 4 nominations.,1,4,0,0,0,0,0,0,0,0
11186,2 wins & 5 nominations.,2,5,0,0,0,0,0,0,0,0
11203,Nominated for 3 Primetime Emmys. Another 12 nominations.,0,15,0,0,0,0,0,0,3,0
11215,1 win & 1 nomination.,1,1,0,0,0,0,0,0,0,0
11216,1 win & 4 nominations.,1,4,0,0,0,0,0,0,0,0
11217,3 wins.,3,0,0,0,0,0,0,0,0,0
11219,3 nominations.,0,3,0,0,0,0,0,0,0,0
11222,Won 1 Golden Globe. Another 4 wins & 9 nominations.,5,9,0,1,0,0,0,0,0,0
11230,1 win & 4 nominations.,1,4,0,0,0,0,0,0,0,0
11235,4 wins & 1 nomination.,4,1,0,0,0,0,0,0,0,0
11248,5 wins & 3 nominations.,5,3,0,0,0,0,0,0,0,0
11250,2 nominations.,0,2,0,0,0,0,0,0,0,0
11253,3 wins & 3 nominations.,3,3,0,0,0,0,0,0,0,0
11255,3 nominations.,0,3,0,0,0,0,0,0,0,0
11256,Nominated for 1 Golden Globe. Another 3 wins & 8 nominations.,3,9,0,0,0,0,0,1,0,0
11257,3 nominations.,0,3,0,0,0,0,0,0,0,0
11258,1 win & 3 nominations.,1,3,0,0,0,0,0,0,0,0
11263,Won 2 Golden Globes. Another 15 wins & 26 nominations.,17,26,0,2,0,0,0,0,0,0
11266,2 nominations.,0,2,0,0,0,0,0,0,0,0
11269,1 win.,1,0,0,0,0,0,0,0,0,0
11295,3 wins & 5 nominations.,3,5,0,0,0,0,0,0,0,0
11299,1 win & 4 nominations.,1,4,0,0,0,0,0,0,0,0
11303,2 wins.,2,0,0,0,0,0,0,0,0,0
11325,1 nomination.,0,1,0,0,0,0,0,0,0,0
11331,1 win.,1,0,0,0,0,0,0,0,0,0
11358,3 wins & 3 nominations.,3,3,0,0,0,0,0,0,0,0
11360,1 nomination.,0,1,0,0,0,0,0,0,0,0
11361,7 wins & 3 nominations.,7,3,0,0,0,0,0,0,0,0
11363,1 win & 4 nominations.,1,4,0,0,0,0,0,0,0,0
11368,1 nomination.,0,1,0,0,0,0,0,0,0,0
11383,Nominated for 1 Oscar. Another 5 wins & 15 nominations.,5,16,0,0,0,0,1,0,0,0
11384,2 wins.,2,0,0,0,0,0,0,0,0,0
11388,1 win.,1,0,0,0,0,0,0,0,0,0
11393,1 win & 3 nominations.,1,3,0,0,0,0,0,0,0,0
11395,Nominated for 4 Primetime Emmys. Another 1 win & 1 nomination.,1,5,0,0,0,0,0,0,4,0
11414,1 nomination.,0,1,0,0,0,0,0,0,0,0
11423,2 nominations.,0,2,0,0,0,0,0,0,0,0
11432,2 wins & 2 nominations.,2,2,0,0,0,0,0,0,0,0
11455,1 nomination.,0,1,0,0,0,0,0,0,0,0
11468,4 wins & 12 nominations.,4,12,0,0,0,0,0,0,0,0
11472,2 wins.,2,0,0,0,0,0,0,0,0,0
11497,2 wins & 1 nomination.,2,1,0,0,0,0,0,0,0,0
11503,1 win.,1,0,0,0,0,0,0,0,0,0
11507,Nominated for 1 Primetime Emmy. Another 1 win & 5 nominations.,1,6,0,0,0,0,0,0,1,0
11516,1 nomination.,0,1,0,0,0,0,0,0,0,0
11517,2 wins & 4 nominations.,2,4,0,0,0,0,0,0,0,0
11526,7 wins & 6 nominations.,7,6,0,0,0,0,0,0,0,0
11542,3 wins & 1 nomination.,3,1,0,0,0,0,0,0,0,0
11543,1 win & 1 nomination.,1,1,0,0,0,0,0,0,0,0
11559,1 win & 4 nominations.,1,4,0,0,0,0,0,0,0,0
11568,3 wins & 9 nominations.,3,9,0,0,0,0,0,0,0,0
11579,9 wins & 3 nominations.,9,3,0,0,0,0,0,0,0,0
11593,1 nomination.,0,1,0,0,0,0,0,0,0,0
11600,2 wins & 2 nominations.,2,2,0,0,0,0,0,0,0,0
11604,4 wins.,4,0,0,0,0,0,0,0,0,0
11620,2 nominations.,0,2,0,0,0,0,0,0,0,0
11623,2 wins & 2 nominations.,2,2,0,0,0,0,0,0,0,0
11628,1 nomination.,0,1,0,0,0,0,0,0,0,0
11635,1 win & 4 nominations.,1,4,0,0,0,0,0,0,0,0
11647,1 win & 3 nominations.,1,3,0,0,0,0,0,0,0,0
11659,1 nomination.,0,1,0,0,0,0,0,0,0,0
11673,3 wins.,3,0,0,0,0,0,0,0,0,0
11675,2 wins & 2 nominations.,2,2,0,0,0,0,0,0,0,0
11678,1 win.,1,0,0,0,0,0,0,0,0,0
11684,6 wins & 4 nominations.,6,4,0,0,0,0,0,0,0,0
11688,2 wins.,2,0,0,0,0,0,0,0,0,0
11689,1 nomination.,0,1,0,0,0,0,0,0,0,0
11698,1 win & 4 nominations.,1,4,0,0,0,0,0,0,0,0
11714,2 nominations.,0,2,0,0,0,0,0,0,0,0
11730,1 nomination.,0,1,0,0,0,0,0,0,0,0
11750,1 nomination.,0,1,0,0,0,0,0,0,0,0
11758,5 wins.,5,0,0,0,0,0,0,0,0,0
11795,1 nomination.,0,1,0,0,0,0,0,0,0,0
11830,5 wins & 7 nominations.,5,7,0,0,0,0,0,0,0,0
11836,1 nomination.,0,1,0,0,0,0,0,0,0,0
11840,Nominated for 2 Primetime Emmys. Another 3 nominations.,0,5,0,0,0,0,0,0,2,0
11852,1 nomination.,0,1,0,0,0,0,0,0,0,0
11854,4 wins.,4,0,0,0,0,0,0,0,0,0
11870,1 win & 1 nomination.,1,1,0,0,0,0,0,0,0,0
11876,1 nomination.,0,1,0,0,0,0,0,0,0,0
11914,1 nomination.,0,1,0,0,0,0,0,0,0,0
11933,1 win & 2 nominations.,1,2,0,0,0,0,0,0,0,0
11955,2 nominations.,0,2,0,0,0,0,0,0,0,0
11960,1 nomination.,0,1,0,0,0,0,0,0,0,0
11962,1 win.,1,0,0,0,0,0,0,0,0,0
11965,1 nomination.,0,1,0,0,0,0,0,0,0,0
11995,1 nomination.,0,1,0,0,0,0,0,0,0,0
11999,1 nomination.,0,1,0,0,0,0,0,0,0,0
12025,Nominated for 1 Primetime Emmy. Another 1 win.,1,1,0,0,0,0,0,0,1,0
12027,1 win.,1,0,0,0,0,0,0,0,0,0
12028,2 wins.,2,0,0,0,0,0,0,0,0,0
12049,6 wins & 6 nominations.,6,6,0,0,0,0,0,0,0,0
12050,4 nominations.,0,4,0,0,0,0,0,0,0,0
12074,1 win & 1 nomination.,1,1,0,0,0,0,0,0,0,0
12095,2 nominations.,0,2,0,0,0,0,0,0,0,0
12125,1 nomination.,0,1,0,0,0,0,0,0,0,0
12126,3 wins & 1 nomination.,3,1,0,0,0,0,0,0,0,0
12134,1 nomination.,0,1,0,0,0,0,0,0,0,0
12155,1 nomination.,0,1,0,0,0,0,0,0,0,0
12191,1 win & 7 nominations.,1,7,0,0,0,0,0,0,0,0
12230,5 wins & 13 nominations.,5,13,0,0,0,0,0,0,0,0
12231,1 nomination.,0,1,0,0,0,0,0,0,0,0
12264,1 nomination.,0,1,0,0,0,0,0,0,0,0
12265,1 nomination.,0,1,0,0,0,0,0,0,0,0
12272,1 win.,1,0,0,0,0,0,0,0,0,0
12285,3 wins & 2 nominations.,3,2,0,0,0,0,0,0,0,0
12288,1 nomination.,0,1,0,0,0,0,0,0,0,0
12292,1 nomination.,0,1,0,0,0,0,0,0,0,0
12303,2 nominations.,0,2,0,0,0,0,0,0,0,0
12331,3 wins & 22 nominations.,3,22,0,0,0,0,0,0,0,0
12339,1 nomination.,0,1,0,0,0,0,0,0,0,0
12359,1 win.,1,0,0,0,0,0,0,0,0,0
12400,1 nomination.,0,1,0,0,0,0,0,0,0,0
12404,2 wins.,2,0,0,0,0,0,0,0,0,0
12431,1 nomination.,0,1,0,0,0,0,0,0,0,0
12436,1 nomination.,0,1,0,0,0,0,0,0,0,0
12449,2 nominations.,0,2,0,0,0,0,0,0,0,0
12469,1 win.,1,0,0,0,0,0,0,0,0,0
12492,1 win & 3 nominations.,1,3,0,0,0,0,0,0,0,0
12544,2 wins & 3 nominations.,2,3,0,0,0,0,0,0,0,0
12551,1 win & 1 nomination.,1,1,0,0,0,0,0,0,0,0
12552,1 nomination.,0,1,0,0,0,0,0,0,0,0
12576,4 nominations.,0,4,0,0,0,0,0,0,0,0
12577,2 wins & 2 nominations.,2,2,0,0,0,0,0,0,0,0
12578,2 nominations.,0,2,0,0,0,0,0,0,0,0
12579,1 nomination.,0,1,0,0,0,0,0,0,0,0
12602,1 nomination.,0,1,0,0,0,0,0,0,0,0
12608,1 nomination.,0,1,0,0,0,0,0,0,0,0
12627,1 win.,1,0,0,0,0,0,0,0,0,0
12628,Nominated for 1 Oscar. Another 1 win & 3 nominations.,1,4,0,0,0,0,1,0,0,0
12657,2 wins & 1 nomination.,2,1,0,0,0,0,0,0,0,0
12689,1 win & 7 nominations.,1,7,0,0,0,0,0,0,0,0
12696,1 nomination.,0,1,0,0,0,0,0,0,0,0
12697,1 win & 1 nomination.,1,1,0,0,0,0,0,0,0,0
12700,2 wins & 2 nominations.,2,2,0,0,0,0,0,0,0,0
12702,2 wins & 7 nominations.,2,7,0,0,0,0,0,0,0,0
12740,Nominated for 1 Oscar. Another 1 nomination.,0,2,0,0,0,0,1,0,0,0
12770,1 nomination.,0,1,0,0,0,0,0,0,0,0
12782,1 nomination.,0,1,0,0,0,0,0,0,0,0
12818,1 nomination.,0,1,0,0,0,0,0,0,0,0
12828,1 win & 10 nominations.,1,10,0,0,0,0,0,0,0,0
12886,1 win & 1 nomination.,1,1,0,0,0,0,0,0,0,0
12926,1 nomination.,0,1,0,0,0,0,0,0,0,0
12956,1 nomination.,0,1,0,0,0,0,0,0,0,0
12991,5 wins & 10 nominations.,5,10,0,0,0,0,0,0,0,0
13093,4 wins & 5 nominations.,4,5,0,0,0,0,0,0,0,0
13120,4 wins.,4,0,0,0,0,0,0,0,0,0
13140,1 nomination.,0,1,0,0,0,0,0,0,0,0
13199,1 win & 2 nominations.,1,2,0,0,0,0,0,0,0,0
13219,3 wins.,3,0,0,0,0,0,0,0,0,0
13326,1 win.,1,0,0,0,0,0,0,0,0,0
13342,1 win.,1,0,0,0,0,0,0,0,0,0
13345,6 wins.,6,0,0,0,0,0,0,0,0,0
13362,1 nomination.,0,1,0,0,0,0,0,0,0,0
13381,2 wins & 7 nominations.,2,7,0,0,0,0,0,0,0,0
13423,1 nomination.,0,1,0,0,0,0,0,0,0,0
13433,1 win.,1,0,0,0,0,0,0,0,0,0
13452,4 nominations.,0,4,0,0,0,0,0,0,0,0
13544,1 nomination.,0,1,0,0,0,0,0,0,0,0
13550,1 nomination.,0,1,0,0,0,0,0,0,0,0
13569,1 win.,1,0,0,0,0,0,0,0,0,0
13618,1 win.,1,0,0,0,0,0,0,0,0,0
13619,1 nomination.,0,1,0,0,0,0,0,0,0,0
13620,1 nomination.,0,1,0,0,0,0,0,0,0,0
13668,1 win.,1,0,0,0,0,0,0,0,0,0
13669,5 wins.,5,0,0,0,0,0,0,0,0,0
13699,1 win.,1,0,0,0,0,0,0,0,0,0
13727,2 nominations.,0,2,0,0,0,0,0,0,0,0
13879,1 nomination.,0,1,0,0,0,0,0,0,0,0
13898,1 nomination.,0,1,0,0,0,0,0,0,0,0
13997,1 win.,1,0,0,0,0,0,0,0,0,0
14003,1 nomination.,0,1,0,0,0,0,0,0,0,0
14007,1 win.,1,0,0,0,0,0,0,0,0,0
14046,1 nomination.,0,1,0,0,0,0,0,0,0,0
14089,2 nominations.,0,2,0,0,0,0,0,0,0,0
14136,1 nomination.,0,1,0,0,0,0,0,0,0,0
14137,2 nominations.,0,2,0,0,0,0,0,0,0,0
14249,2 wins & 2 nominations.,2,2,0,0,0,0,0,0,0,0
14346,2 nominations.,0,2,0,0,0,0,0,0,0,0
14432,2 wins & 2 nominations.,2,2,0,0,0,0,0,0,0,0
14599,2 wins & 1 nomination.,2,1,0,0,0,0,0,0,0,0
14652,1 nomination.,0,1,0,0,0,0,0,0,0,0
14761,1 nomination.,0,1,0,0,0,0,0,0,0,0
14792,1 nomination.,0,1,0,0,0,0,0,0,0,0
14800,2 nominations.,0,2,0,0,0,0,0,0,0,0
14805,1 win.,1,0,0,0,0,0,0,0,0,0
14873,1 win.,1,0,0,0,0,0,0,0,0,0
14908,1 nomination.,0,1,0,0,0,0,0,0,0,0
15177,1 nomination.,0,1,0,0,0,0,0,0,0,0
15180,2 nominations.,0,2,0,0,0,0,0,0,0,0
15219,2 nominations.,0,2,0,0,0,0,0,0,0,0
15230,1 nomination.,0,1,0,0,0,0,0,0,0,0
15234,1 win & 1 nomination.,1,1,0,0,0,0,0,0,0,0
15269,7 nominations.,0,7,0,0,0,0,0,0,0,0
